"sample_id","site","dna_type","depth","depths_cm_re","total_reads","archaeal_reads","arcpercent"
"ePA1_lib1","AZ","eDNA",2.5,"0-5",114299,2501,2.18812063097665
"ePA2_lib1","AZ","eDNA",7.5,"5-10",58904,1065,1.80802661958441
"ePA3_lib1","AZ","eDNA",15,"10-20",66757,2250,3.37043306319936
"ePA4_lib1","AZ","eDNA",30,"20-40",52664,767,1.4564028558408
"ePA5_lib1","AZ","eDNA",50,"40-60",74871,944,1.26083530338849
"ePB1_lib1","AZ","eDNA",2.5,"0-5",71648,464,0.64761054041983
"ePB2_lib1","AZ","eDNA",7.5,"5-10",39425,400,1.0145846544071
"ePB3_lib1","AZ","eDNA",15,"10-20",89903,2460,2.73628243773845
"ePB5_lib1","AZ","eDNA",50,"40-60",101753,5878,5.77673385551286
"ePC1_lib1","AZ","eDNA",2.5,"0-5",76841,944,1.22851082104606
"eSA3_lib1","SG","eDNA",15,"10-20",63643,2520,3.95958707163396
"eSA4_lib1","SG","eDNA",30,"20-40",139372,7383,5.29733375426915
"eSA5_lib1","SG","eDNA",50,"40-60",117619,4323,3.67542658924153
"eSB1_lib1","SG","eDNA",2.5,"0-5",60643,1792,2.95499892815329
"eSB2_lib1","SG","eDNA",7.5,"5-10",26120,1201,4.59800918836141
"eSB3_lib1","SG","eDNA",15,"10-20",86800,4199,4.83755760368664
"eSB4_lib1","SG","eDNA",30,"20-40",81547,3593,4.40604804591217
"eSB5_lib1","SG","eDNA",50,"40-60",184090,2762,1.5003530881634
"eSC1_lib1","SG","eDNA",2.5,"0-5",205195,7799,3.80077487268208
"eSC3_lib1","SG","eDNA",15,"10-20",64484,2883,4.47087649649525
"eLA2_lib1","LC","eDNA",7.5,"5-10",123856,627,0.50623304482625
"eLA3_lib1","LC","eDNA",15,"10-20",185039,1822,0.984657288463513
"eLA4_lib1","LC","eDNA",30,"20-40",102318,1194,1.16695009675717
"eLA5_lib1","LC","eDNA",50,"40-60",78405,5299,6.75849754479944
"eLB1_lib1","LC","eDNA",2.5,"0-5",124328,1674,1.34643845312399
"eLB2_lib1","LC","eDNA",7.5,"5-10",275947,5537,2.0065447350397
"eLB3_lib1","LC","eDNA",15,"10-20",80906,2548,3.14933379477418
"eLB4_lib1","LC","eDNA",30,"20-40",234830,10412,4.43384576076311
"eLB5_lib1","LC","eDNA",50,"40-60",112140,4776,4.258962011771
"eLC1_lib2","LC","eDNA",2.5,"0-5",89497,1550,1.73190162798753
"eLC2_lib2","LC","eDNA",7.5,"5-10",111585,1618,1.45001568311153
"eLC3_lib2","LC","eDNA",15,"10-20",78524,1131,1.44032397738271
"eLC4_lib2","LC","eDNA",30,"20-40",90827,4445,4.89391920904577
"eLC5_lib2","LC","eDNA",50,"40-60",99442,5455,5.48560970213793
"eNA3_lib2","NA","eDNA",15,"10-20",62492,3293,5.26947449273507
"eNA4_lib2","NA","eDNA",30,"20-40",166224,22364,13.4541341803831
"eNA5_lib2","NA","eDNA",50,"40-60",121773,19302,15.8508043654997
"eNB1_lib2","NA","eDNA",2.5,"0-5",116020,243,0.209446647129805
"eNB2_lib2","NA","eDNA",7.5,"5-10",158116,2198,1.39011864706924
"eNB3_lib2","NA","eDNA",15,"10-20",61491,3027,4.92267161047958
"eNB4_lib2","NA","eDNA",30,"20-40",87479,11398,13.0294127733513
"eNB5_lib2","NA","eDNA",50,"40-60",28889,3840,13.292256568244
"eNAC1_lib2","NA","eDNA",2.5,"0-5",89639,359,0.40049532011736
"eNAC3_lib2","NA","eDNA",15,"10-20",52793,354,0.670543443259523
"eNAC4_lib2","NA","eDNA",30,"20-40",90629,4373,4.82516633748579
"eNAC5_lib2","NA","eDNA",50,"40-60",82566,8307,10.0610420754306
"iPA2_lib2","AZ","iDNA",7.5,"5-10",62396,317,0.508045387524841
"iPA3_lib2","AZ","iDNA",15,"10-20",55099,769,1.39566961287864
"iPA4_lib2","AZ","iDNA",30,"20-40",55990,842,1.50383997142347
"iPA5_lib2","AZ","iDNA",50,"40-60",26376,241,0.913709432817713
"iPB2_lib2","AZ","iDNA",7.5,"5-10",128943,891,0.691003001326167
"iPB3_lib2","AZ","iDNA",15,"10-20",79966,883,1.10421929319961
"iPB4_lib2","AZ","iDNA",30,"20-40",62711,575,0.916904530305688
"iPB5_lib2","AZ","iDNA",50,"40-60",105996,588,0.554737914638288
"iPC1_lib2","AZ","iDNA",2.5,"0-5",78597,768,0.9771365319287
"iSA1_lib2","SG","iDNA",2.5,"0-5",94791,1594,1.6815942441793
"iSA2_lib2","SG","iDNA",7.5,"5-10",74026,3233,4.36738443249669
"iSA3_lib2","SG","iDNA",15,"10-20",51991,1413,2.71777807697486
"iSA4_lib2","SG","iDNA",30,"20-40",113987,2451,2.15024520340039
"iSA5_lib2","SG","iDNA",50,"40-60",106127,1987,1.87228509238931
"SB1_lib3","SG","iDNA",2.5,"0-5",81422,2227,2.7351330107342
"SB2_lib3","SG","iDNA",7.5,"5-10",77879,1513,1.9427573543574
"SB3_lib3","SG","iDNA",15,"10-20",106742,1842,1.72565625526972
"SB4_lib3","SG","iDNA",30,"20-40",52218,304,0.582174729020644
"SC1_lib3","SG","iDNA",2.5,"0-5",315589,4336,1.37393888887129
"SC2_lib3","SG","iDNA",7.5,"5-10",67132,940,1.40022641959125
"SC3_lib3","SG","iDNA",15,"10-20",97938,2050,2.09316097939513
"SC4_lib3","SG","iDNA",30,"20-40",135776,3895,2.86869549846807
"SC5_lib3","SG","iDNA",50,"40-60",127362,3592,2.82030747004601
"LA1_lib3","LC","iDNA",2.5,"0-5",129519,426,0.328909271998703
"LA3_lib3","LC","iDNA",15,"10-20",104928,506,0.482235437633425
"LA4_lib3","LC","iDNA",30,"20-40",94473,800,0.846802790215194
"LA5_lib3","LC","iDNA",50,"40-60",81744,542,0.663045605793697
"LB1_lib3","LC","iDNA",2.5,"0-5",66389,623,0.938408471282893
"LB2_lib3","LC","iDNA",7.5,"5-10",41290,610,1.47735529183822
"LB3_lib3","LC","iDNA",15,"10-20",77767,667,0.857690279938792
"LB4_lib3","LC","iDNA",30,"20-40",100360,651,0.648664806695895
"LB5_lib3","LC","iDNA",50,"40-60",55702,229,0.411116297439948
"LC1_lib3","LC","iDNA",2.5,"0-5",58898,227,0.385412068321505
"LC3_lib3","LC","iDNA",15,"10-20",74527,354,0.47499563916433
"LC4_lib3","LC","iDNA",30,"20-40",61960,312,0.503550677856682
"NA1_lib3","NA","iDNA",2.5,"0-5",98071,475,0.484342976007178
"NA2_lib3","NA","iDNA",7.5,"5-10",140358,729,0.519386141153336
"NA3_lib3","NA","iDNA",15,"10-20",85051,584,0.686646835428155
"NA4_lib3","NA","iDNA",30,"20-40",76172,2438,3.20065115790579
"NA5_lib3","NA","iDNA",50,"40-60",90269,1308,1.44900242608204
"NB2_lib3","NA","iDNA",7.5,"5-10",154819,824,0.532234415672495
"NB3_lib3","NA","iDNA",15,"10-20",105231,789,0.749779057502067
"NB4_lib3","NA","iDNA",30,"20-40",115467,1797,1.55628880978981
"NB5_lib3","NA","iDNA",50,"40-60",103973,924,0.888692256643552
"NAC1_lib3","NA","iDNA",2.5,"0-5",113815,638,0.560558801563941
"NAC2_lib3","NA","iDNA",7.5,"5-10",87647,226,0.257852522048673
"NAC3_lib3","NA","iDNA",15,"10-20",74475,403,0.541121181604565
"NAC4_lib3","NA","iDNA",30,"20-40",194068,2153,1.10940495084197
"NAC5_lib3","NA","iDNA",50,"40-60",111859,2067,1.84786204060469
