reference_tip,nearest_asv,distance_to_nearest_asv,phylum_panel,taxonomic_panel,Phylum_clean,Class_clean,primary_accession,accession_candidates,arb_context,accession,version,definition,source,organism,isolation_source,geo_loc_name,clone,title,pubmed,reference_keyword,reference_label_keyword
Unc04cwl,ASV_4336,0.02936,Crenarchaeota,Nitrososphaeria,Crenarchaeota,Nitrososphaeria,EF503695,EF503695;AB930767,ARB_D02D0226 | Unc00g42 | AB930767 | last; | Bum0 | ENA; R | Dm_42 | bC42. | 1..1412 | 1-1412 | 9Hrep05728 | 77133 | %Ar@ | D302A | Unc04cwl | EF503695 | An0 | IENA; RDP; | as Y | FL.; ;  | SV2_L2_C10 | urpris | E (SV) | SV2_L2 | s; no | Drred | 1..900 | 1-900 | Ias y.; ; ,NA,EF503695.1,"Uncultured archaeon clone SV2_L2_C10 16S ribosomal RNA gene,             partial sequence.",uncultured archaeon,uncultured archaeon             Archaea; environmental samples.,"ambient rhizosphere soil in the
                     vicinity of the hot springs; no geothermal influence
                     inferred","USA: California, Surprise Valley (SV)",SV2_L2_C10,NA,NA,hot spring/thermal; root/rhizosphere; soil,hot spring/thermal; root/rhizosphere; soil (EF503695)
Unc04cr5,ASV_2018,0.0413,Crenarchaeota,Nitrososphaeria,Crenarchaeota,Nitrososphaeria,EF503697,EF503697;F090906,"ENA; R | Acedo-Felix | B3)0 | 1..1517 | 1-1517 | C5-0 | 12656154 | Aced | 1582 | ATCC 393T | d-cured | Cudy@ | F090906 | ffwW | Unc04cr5 | EF503697 | An0 | IENA; RDP; | as Y | FL.; ;  | EV_L2_F12 | >fornia, Eagl | E (EV) | EV_L2 | s; no | Drred | 1..900 | 1-900 | Ias y.; ; ",NA,EF503697.1,"Uncultured archaeon clone EV_L2_F12 16S ribosomal RNA gene, partial             sequence.",uncultured archaeon,uncultured archaeon             Archaea; environmental samples.,"ambient rhizosphere soil in the
                     vicinity of the hot springs; no geothermal influence
                     inferred","USA: California, Eagleville (EV)",EV_L2_F12,NA,NA,hot spring/thermal; root/rhizosphere; soil,hot spring/thermal; root/rhizosphere; soil (EF503697)
Unc04bth,ASV_5253,0.02672,Crenarchaeota,Nitrososphaeria,Crenarchaeota,Nitrososphaeria,JX196229,JX196229;KF098490;JX196222,Unc04b29 | JX196222 | An0 | x#@@ | IENA; RDP; | China | IMCUGW13A13 | 1..914 | 1-914 | ygccr | 115547 | E43F6D | `Yv] | 9m'.yt` | Unc04bth | JX196229 | An0 | x#@@ | IENA; RDP; | China | IMCUGW13A14 | 1..911 | 1-911 | ygccr | 115547 | DFFFB | cSmc | Unc02o4w | KF098490,NA,JX196229.1,"Uncultured archaeon clone IMCUGW13A14 16S ribosomal RNA gene,             partial sequence.",uncultured archaeon,uncultured archaeon             Archaea; environmental samples.,"groundwater samples from Inner
                     Mongolia",China,IMCUGW13A14,NA,NA,environmental,environmental (JX196229)
Unc04c1f,ASV_5253,0.01574,Crenarchaeota,Nitrososphaeria,Crenarchaeota,Nitrososphaeria,AY923103,AY923103,"DRV-B035 | fornia, | DRV-B035 | 1B6)0 | 1..1251 | 1-1251 | EM.72.2.1708 | Fusco | ena, | 77133 | Cter | iD5AE1 | ......C | GGGG | Unc04c1f | AY923103 | An0 | IENA; RDP; | Fusc | DRV-SSA016 | fornia, | DRV-SSA016 | soil | 1B6)0 | 1..908 | 1-908 | EM.72.2.1708 | Fusco | ena,",NA,AY923103.2,"Uncultured archaeon clone DRV-SSA016 16S ribosomal RNA gene,             partial sequence.",uncultured archaeon,uncultured archaeon             Archaea; environmental samples.,soil,"USA: California, Whipple Mountains",DRV-SSA016,NA,NA,soil,soil (AY923103)
Unc04duq,ASV_5253,0.01499,Crenarchaeota,Nitrososphaeria,Crenarchaeota,Nitrososphaeria,FJ784245,FJ784245;LS483311,"1-1502 | GT RoM-1 | thal, S | 1396 | DA78B | ---G | F3C41224 | LS483311 | dBs; | ) @@ | 562162..563701 | NCTC6 | D; ;  | 1280 | Unc04duq | FJ784245 | An0 | /A2@ | ENA; R | strad | %B;  | TX1D07 | TX1D07 | 1..1439 | 1-1439 | 115547 | ined | E9C261 | )jMR",NA,FJ784245.1,"Uncultured archaeon clone TX1D07 16S ribosomal RNA gene, partial             sequence.",uncultured archaeon,uncultured archaeon             Archaea; environmental samples.,alkaline soil,,TX1D07,NA,NA,soil; alkaline,soil; alkaline (FJ784245)
Unc04acr,ASV_5253,0.0011,Crenarchaeota,Nitrososphaeria,Crenarchaeota,Nitrososphaeria,KC505282,KC505282;FO905143,FO905143 | iB;  | _DB3.5 | e b3 | 0052 | Fungi | B4)0 | 878..2202 | 1-2202 | E rRNA | ncage | 225338 | ~As@ | xE36AAC | Unc04acr | KC505282 | An0 | IENA; RDP; | AR6-90 | W.G. Hu | AR6-90 | 1..916 | 1-916 | 115547 | permaforst | D56DD | KU-( | a%UH | Unc04aza,NA,KC505282.1,"Uncultured archaeon clone AR6-90 16S ribosomal RNA gene, partial             sequence.",uncultured archaeon,uncultured archaeon             Archaea; environmental samples.,"permafrost soil from Kunlun Mountains
                     Pass, Mt. Kunlun",China: Qinghai-Tibet Plateau,AR6-90,NA,NA,soil,soil (KC505282)
Unc0c92l,ASV_5253,0.0055,Crenarchaeota,Nitrososphaeria,Crenarchaeota,Nitrososphaeria,HQ739006,HQ739006;E84992,d SAR20 | d SAR202 | ENA; R | #B;  | OS2MR54 | SAR202 | 4G75.82 W0 | 1..1435 | 1-1435 | CUSA | 648178 | astal/o | flexi | E1BFFB | Unc0c92l | HQ739006 | An0 | IENA; RDP; | )DA-63 | TP-SL-A-63 | 1..915 | 1-915 | 115547 | E84992 | G8D29491 | A?Hanhattan |  B970 | A?Hanhattan | A?Hanhattan,NA,HQ739006.1,"Uncultured archaeon clone TP-SL-A-63 16S ribosomal RNA gene,             partial sequence.",uncultured archaeon,uncultured archaeon             Archaea; environmental samples.,"soil samples from permafrost along the
                     Shule River",China: Tibetan Plateau,TP-SL-A-63,NA,NA,soil; freshwater,soil; freshwater (HQ739006)
Unc03q39,ASV_5253,0.01818,Crenarchaeota,Nitrososphaeria,Crenarchaeota,Nitrososphaeria,LN574632,LN574632;E93651;LT906467;E82568,LT906467 | Coryneb | Fmitans | Fmitans | Fmitans | Fmitans0 | 1996 | jB15 | CTC13015  | 773261..774767 | 156978 | Coryn | E82568 | X/*L | Unc03q39 | LN574632 | Bum0 | ENA; R | SIGW978 | SIGW978 | Cica | F9.73 W0 | 1..1308 | 1-1308 | nB;  | DUSA. | 77133 | E93651 | GV2Dip70,NA,LN574632.1,"Uncultured bacterium partial 16S rRNA gene, clone             SIGW978_N9D4_16S_A.",uncultured bacterium,uncultured bacterium             Bacteria; environmental samples.,refuse dump Nest 9 layer 4,"Panama:Gamboa, Pipeline Road",SIGW978_N9D4_16S_A,NA,NA,environmental,environmental (LN574632)
Unc04btc,ASV_348,0.02343,Crenarchaeota,Nitrososphaeria,Crenarchaeota,Nitrososphaeria,JQ978498,JQ978498,"Viss | VWS100 | Lake Lucerne, Chrueztricht | Cumn | 1..913 | 1-913 | 22984895 | Viss | y, N | 708 P | 651141 | >#@@ | ndidatus  | ARB_804F2F5C | Unc04btc | JQ978498 | An0 | IENA; RDP; | SLA-AM1-11 | China | SLA-AM | 1..911 | 1-911 | 115547 | 7I@@ | EB7023 | ?V|T | .X* | ~x$\",NA,JQ978498.1,"Uncultured archaeon clone SLA-AM1-11 16S ribosomal RNA gene,             partial sequence.",uncultured archaeon,uncultured archaeon             Archaea; environmental samples.,permafrost soil,China,SLA-AM1-11,NA,NA,soil; freshwater,soil; freshwater (JQ978498)
UncCr951,ASV_348,0.02889,Crenarchaeota,Nitrososphaeria,Crenarchaeota,Nitrososphaeria,GQ249646,GQ249646;E77350,ronment | Bte0 | IENA; RDP; | nzalez | A02-arc | A02-arc | 1..912 | 1-912 | de la | ESpain | 29281 | rR@@ | {E77350 | S(|l | UncCr951 | GQ249646 | ronment | Bte0 | IENA; RDP; | nzalez | B04-arc | B04-arc | 1..912 | 1-912 | de la | ESpain | 29281 | rR@@ | ARB_1449AB96,NA,GQ249646.1,"Uncultured crenarchaeote clone B04-arc 16S ribosomal RNA gene,             partial sequence.",uncultured crenarchaeote,uncultured crenarchaeote             Archaea; Thermoproteota; environmental samples.,marine sediment: 6-8 cm layer,Spain: Bay of Cadiz,B04-arc,NA,NA,marine; sediment,marine; sediment (GQ249646)
UncCr933,ASV_348,0.01096,Crenarchaeota,Nitrososphaeria,Crenarchaeota,Nitrososphaeria,GQ249644,GQ249644;KX172942,exw2 | Unc2lfjy | KX172942 | Bum0 | k/@@ | EzlYy158 | EzlYy158 | 1..1494 | 1-1494 | apel | 77133 | EC2A8A | j?kFd5 | 39='. | UncCr933 | GQ249644 | ronment | Bte0 | IENA; RDP; | nzalez | B02-arc | B02-arc | 1..912 | 1-912 | de la | ESpain | 29281 | rR@@ | C9E3,NA,GQ249644.1,"Uncultured crenarchaeote clone B02-arc 16S ribosomal RNA gene,             partial sequence.",uncultured crenarchaeote,uncultured crenarchaeote             Archaea; Thermoproteota; environmental samples.,marine sediment: 6-8 cm layer,Spain: Bay of Cadiz,B02-arc,NA,NA,marine; sediment,marine; sediment (GQ249644)
UncAr551,ASV_4136,0.00916,Crenarchaeota,Nitrososphaeria,Crenarchaeota,Nitrososphaeria,KF975587,KF975587,Cmat | +B3) | 1..1454 | 1-1454 | CUSA | 155900 | errero Negro | ED190F | Xe-` | KC5k | z?qwI | z?/=eX | _l<V | =Uv(k8\ | UncAr551 | KF975587 | An0 | ENA; R | FMSA15 | FMSA15 | 1..1442 | 1-1442 | IGEB | 115547 | Foroumad | D8C78 | +aq | BcsBev12 | Ieveridgei,NA,KF975587.1,"Uncultured archaeon clone FMSA15 16S ribosomal RNA gene, partial             sequence.",uncultured archaeon,uncultured archaeon             Archaea; environmental samples.,mine environment soil,"Iran: Semnan Province, Foroumad chromite
                     mine",FMSA15,NA,NA,soil,soil (KF975587)
Unc04bnz,ASV_16463,0.0241,Crenarchaeota,Nitrososphaeria,Crenarchaeota,Nitrososphaeria,EU570095,EU570095;GU560181,+t>% | UncA1293 | GU560181 | Morax | ENA; R | W5S20 | W5S20 | 1..1503 | 1-1503 | 165433 | orax | E81AE3 | 84U@ | :N]r | Unc04bnz | EU570095 | An0 | IENA; RDP; | XZ-500 | XZ-500 | soil | 1..913 | 1-913 | 115547 | Dones@ | IEF2CCB | qc:G | `aVU | Unc03550,NA,EU570095.1,"Uncultured archaeon clone XZ-500 16S ribosomal RNA gene, partial             sequence.",uncultured archaeon,uncultured archaeon             Archaea; environmental samples.,soil,,XZ-500,NA,NA,soil,soil (EU570095)
UncCr971,ASV_16463,0.01646,Crenarchaeota,Nitrososphaeria,Crenarchaeota,Nitrososphaeria,GQ249642,GQ249642,Kidium XlVb; | ENA; R | nzalez | lone E34 | 1..1226 | 1-1226 | de la | ESpain | 344338 | rR@@ | 4(Aa | /D9850 | AYz) | h7>mZ | UncCr971 | GQ249642 | ronment | Bte0 | IENA; RDP; | nzalez | A03-arc | A03-arc | 1..911 | 1-911 | de la | ESpain | 29281 | rR@@ | DEE64,NA,GQ249642.1,"Uncultured crenarchaeote clone A03-arc 16S ribosomal RNA gene,             partial sequence.",uncultured crenarchaeote,uncultured crenarchaeote             Archaea; Thermoproteota; environmental samples.,marine sediment: 0-2 cm layer,Spain: Bay of Cadiz,A03-arc,NA,NA,marine; sediment,marine; sediment (GQ249642)
Unc0iisj,ASV_12710,0.00906,Crenarchaeota,Nitrososphaeria,Crenarchaeota,Nitrososphaeria,AY942988,AY942988,"Didae | ost  | 1..1742 | 1-1742 | 24027350 | NOR-7-W12 | +DB;  | 1403015 | CM7, TSR1 | alys | H-@@ | E0AC84 | O-?Xl | IH~0 | Unc0iisj | AY942988 | ronment | Bte0 | ENA; R | FW.; ;  | ?!Eshrub | 1..959 | 1-959 | FW.; ;  | 29281 | Peashrub P | Loess | ED9F9B | Unc02cfg",NA,AY942988.1,"Uncultured crenarchaeote clone 14 16S ribosomal RNA gene, partial             sequence.",uncultured crenarchaeote,uncultured crenarchaeote             Archaea; Thermoproteota; environmental samples.,rhizosphere of peashrub,China: Loess Plateau,14,NA,NA,root/rhizosphere,root/rhizosphere (AY942988)
UncCr989,ASV_12710,0.05016,Crenarchaeota,Nitrososphaeria,Crenarchaeota,Nitrososphaeria,EU307038,EU307038;EU454238;EU307023;E16704,A/H1&I | UncC9332 | EU307023 | ronment | Bte0 | IENA; RDP; | CE08 | 9Hggregate | B8)0 | 1..912 | 1-912 | 29281 | E16704 | U@XJ# | UncCr989 | EU307038 | ronment | Bte0 | IENA; RDP; | CB11 | 9Hggregate | B8)0 | 1..910 | 1-910 | 29281 | EE79B13 | Unc013cv | EU454238 | Bum0,NA,EU307038.1,"Uncultured crenarchaeote clone ArcC-s_cB11 16S ribosomal RNA gene,             partial sequence.",uncultured crenarchaeote,uncultured crenarchaeote             Archaea; Thermoproteota; environmental samples.,saturated C horizon soil aggregate,,ArcC-s_cB11,NA,NA,soil,soil (EU307038)
Unc04azz,ASV_12710,0.02838,Crenarchaeota,Nitrososphaeria,Crenarchaeota,Nitrososphaeria,AB712056,AB712056;LN571904;AB712042,AB712042 | An0 | IENA; RDP; | D; ;  | Ke: rs-jx91. | rs-jx91 | 1..960 | 1-960 | 115547 | jAs@ | D68DF | e-pZ | /^d4L | j9G2 | Unc04azz | AB712056 | An0 | IENA; RDP; | D; ;  | Le: rs-jx105. | rs-jx105 | 1..918 | 1-918 | 115547 | jAs@ | E3B2BB | 5Z> | Unc02ey1 | LN571904,NA,AB712056.1,"Uncultured archaeon gene for 16S rRNA, partial sequence, isolate:             rs-jx105.",uncultured archaeon,uncultured archaeon             Archaea; environmental samples.,red soil,China:Jiangxi,,NA,NA,soil,soil (AB712056)
Unc03q0i,ASV_12710,0.03111,Crenarchaeota,Nitrososphaeria,Crenarchaeota,Nitrososphaeria,LN574621,LN574621;E39104,"ENA; R | $B;  | D2_24 | 07122804_ | 1..1412 | 1-1412 | P B;  |  Lin | 198431 | eding | T/@@ | EC238A | :""r'l | `z'Q | Unc03q0i | LN574621 | Bum0 | ENA; R | SIGW811 | SIGW811 | Cica | F9.73 W0 | 1..1308 | 1-1308 | nB;  | DUSA. | 77133 | E39104 | p{m]",NA,LN574621.1,"Uncultured bacterium partial 16S rRNA gene, clone             SIGW811_N9D4_16S_A.",uncultured bacterium,uncultured bacterium             Bacteria; environmental samples.,refuse dump Nest 9 layer 4,"Panama:Gamboa, Pipeline Road",SIGW811_N9D4_16S_A,NA,NA,environmental,environmental (LN574621)
Unc08q60,ASV_1925,0.03881,Crenarchaeota,Nitrososphaeria,Crenarchaeota,Nitrososphaeria,HQ269184,HQ269184;KU973968,_s{nZ | GQTPra80 | KU973968 | China |  190520 | stem | 1..1436 | 1-1436 | 190520 | ]/B;  | 1169025 | Dyces | FD4B7F5 | 3U=De | Unc08q60 | HQ269184 | An0 | ENA; R | -}FR.; ;  | A05Ch141 | A05Ch141 | C12) | F8.41 E0 | 1..1010 | 1-1010 | sG R.; ;  | 115547 | ARB_597BEE51 | DtG},NA,HQ269184.1,"Uncultured archaeon clone A05Ch141 16S ribosomal RNA gene, partial             sequence.",uncultured archaeon,uncultured archaeon             Archaea; environmental samples.,"0-7.5 cm soil sample from a meadow
                     incubated as anoxic slurry",Germany: Giessen,A05Ch141,NA,NA,soil,soil (HQ269184)
UncCr677,ASV_4136,0.03237,Crenarchaeota,Nitrososphaeria,Crenarchaeota,Nitrososphaeria,AY943025,AY943025;JQ611211,JQ611211 | Bum0 | ENA; R | 5B;  | KSTye-VF1-B-019 | KSTye-VF1-B | fluid | 1..1337 | 1-1337 | aipei | 77133 | m[@@ | E1764A | l)+A | UncCr677 | AY943025 | ronment | Bte0 | *%@@ | ENA; R | FW.; ;  | peashrub | 1..957 | 1-957 | FW.; ;  | 29281 | Peashrub P | Loess | ARB_1A06D89F,NA,AY943025.1,"Uncultured crenarchaeote clone 7 16S ribosomal RNA gene, partial             sequence.",uncultured crenarchaeote,uncultured crenarchaeote             Archaea; Thermoproteota; environmental samples.,soil from peashrub plantation,China: Loess Plateau,7,NA,NA,soil,soil (AY943025)
Unc04bzz,ASV_259,0.01211,Crenarchaeota,Nitrososphaeria,Crenarchaeota,Nitrososphaeria,JX196247,JX196247;JX196242,JX196242 | protei | An0 | x#@@ | IENA; RDP; | C125 | China | IMCUGW21A125 | 1..944 | 1-944 | ygccr | 115547 | D9C30 | ]tN | Unc04bzz | JX196247 | An0 | x#@@ | IENA; RDP; | [B14 | China | IMCUGW01A14 | 1..908 | 1-908 | ygccr | 115547 | D4587 | '{sCDw | M8Ak,NA,JX196247.1,"Uncultured archaeon clone IMCUGW01A14 16S ribosomal RNA gene,             partial sequence.",uncultured archaeon,uncultured archaeon             Archaea; environmental samples.,"groundwater samples from Inner
                     Mongolia",China,IMCUGW01A14,NA,NA,environmental,environmental (JX196247)
Unc03ovr,ASV_259,0.02807,Crenarchaeota,Nitrososphaeria,Crenarchaeota,Nitrososphaeria,LN574516,LN574516,SIFC642 | SIFC642 | Cica | F9.73 W0 | 1..1308 | 1-1308 | nB;  | DUSA. | 77133 | EBFD20 | Chho] | 8M&n | t^:Z | :/ @ | Unc03ovr | LN574516 | Bum0 | ENA; R | SIGW618 | SIGW618 | Cica | F9.73 W0 | 1..1311 | 1-1311 | nB;  | DUSA. | 77133 | EA27EC | #Zch,NA,LN574516.1,"Uncultured bacterium partial 16S rRNA gene, clone             SIGW618_N9D4_16S_A.",uncultured bacterium,uncultured bacterium             Bacteria; environmental samples.,refuse dump Nest 9 layer 4,"Panama:Gamboa, Pipeline Road",SIGW618_N9D4_16S_A,NA,NA,environmental,environmental (LN574516)
Unc04bny,ASV_259,0.04233,Crenarchaeota,Nitrososphaeria,Crenarchaeota,Nitrososphaeria,JQ978483,JQ978483;J131029.111,Bum0 | ENA; R | marow | ncd529a05c1 | ncd52 | Cens0 | 1..1359 | 1-1359 | Ftgtrca | J131029.111 | (NIH) | 77133 | E5E676 | Xq8- | Unc04bny | JQ978483 | An0 | IENA; RDP; | SLA-AP2-4 | China | SLA-AP2-4 | 1..912 | 1-912 | 115547 | 7I@@ | EA2152 | ueo\ | zs1m | +{e/~,NA,JQ978483.1,"Uncultured archaeon clone SLA-AP2-4 16S ribosomal RNA gene, partial             sequence.",uncultured archaeon,uncultured archaeon             Archaea; environmental samples.,permafrost soil,China,SLA-AP2-4,NA,NA,soil,soil (JQ978483)
Unc04bir,ASV_2026,0.00879,Crenarchaeota,Nitrososphaeria,Crenarchaeota,Nitrososphaeria,KC505271,KC505271;KC505280;KC505262,ARB_ED516645 | Unc04azb | KC505262 | An0 | IENA; RDP; | A2-63 | W.G. Hu | 1..915 | 1-915 | 115547 | permaforst | E4B4B1 | yNf5 | Pq8- | Unc04bir | KC505271 | An0 | IENA; RDP; | AR4-141 | W.G. Hu | 1..912 | 1-912 | 115547 | permaforst | E44C05 | lx+( | HrzN]2 | Unc04bok | KC505280,NA,KC505271.1,"Uncultured archaeon clone AR4-141 16S ribosomal RNA gene, partial             sequence.",uncultured archaeon,uncultured archaeon             Archaea; environmental samples.,"permafrost soil from Kunlun Mountains
                     Pass, Mt. Kunlun",China: Qinghai-Tibet Plateau,AR4-141,NA,NA,soil,soil (KC505271)
Unc04acs,ASV_421,0.04423,Crenarchaeota,Nitrososphaeria,Crenarchaeota,Nitrososphaeria,KC505315,KC505315;KC505296,*nGI | Unc04bol | KC505296 | An0 | IENA; RDP; | AR7-193 | W.G. Hu | 1..912 | 1-912 | 115547 | permaforst | EF2E8A | O-:f | '.yt  | Unc04acs | KC505315 | An0 | *A4@ | IENA; RDP; | AR6-14 | W.G. Hu | 1..916 | 1-916 | 115547 | permaforst | E68DA1 | pIy@\ | \:Wp | Jtah,NA,KC505315.1,"Uncultured archaeon clone AR6-14 16S ribosomal RNA gene, partial             sequence.",uncultured archaeon,uncultured archaeon             Archaea; environmental samples.,"permafrost soil from Kunlun Mountains
                     Pass, Mt. Kunlun",China: Qinghai-Tibet Plateau,AR6-14,NA,NA,soil,soil (KC505315)
Unc03qa7,ASV_4136,0.03211,Crenarchaeota,Nitrososphaeria,Crenarchaeota,Nitrososphaeria,LN573968,LN573968;JQ212250;FC89650,"JQ212250 | Bum0 | ENA; R | FA.; ;  | DolOr_04268 | 1..1360 | 1-1360 | 11 M | 77133 | FC89650 | hX#K | Nvx;ty | ~45R | 3 i~M/ | Unc03qa7 | LN573968 | Bum0 | ENA; R | SIGW1228 | SIGW1228 | Cica | F9.73 W0 | 1..1308 | 1-1308 | nB;  | DUSA. | 77133 | E3EFF6 | DD^,Zk",NA,LN573968.1,"Uncultured bacterium partial 16S rRNA gene, clone             SIGW1228_N9D4_16S_A.",uncultured bacterium,uncultured bacterium             Bacteria; environmental samples.,refuse dump Nest 9 layer 4,"Panama:Gamboa, Pipeline Road",SIGW1228_N9D4_16S_A,NA,NA,environmental,environmental (LN573968)
Unc03qhr,ASV_1344,0.00689,Crenarchaeota,Nitrososphaeria,Crenarchaeota,Nitrososphaeria,LN574506,LN574506, Rud | 1..2212 | 1-2212 | Spodare | 18 LS | e select. | 5696 | 9Bes@ | E1848B | pYWG | w!lq | WU8n | Bs1n | 7G>0 | Unc03qhr | LN574506 | Bum0 | ENA; R | SIGW732 | SIGW732 | Cica | F9.73 W0 | 1..1307 | 1-1307 | nB;  | DUSA. | 77133 | EA8636 | LQ0+,NA,LN574506.1,"Uncultured bacterium partial 16S rRNA gene, clone             SIGW732_N9D4_16S_A.",uncultured bacterium,uncultured bacterium             Bacteria; environmental samples.,refuse dump Nest 9 layer 4,"Panama:Gamboa, Pipeline Road",SIGW732_N9D4_16S_A,NA,NA,environmental,environmental (LN574506)
Unc03pkw,ASV_3614,0.02066,Crenarchaeota,Nitrososphaeria,Crenarchaeota,Nitrososphaeria,LN574364,LN574364,lus;G | IENA; RDP; | rrnH-16S | 6292-6 | B4)0 | 2190784..2192336 | 1-3544776 | Fgkh970 | 15576355 | URL  | Kexbase.html | 235909 | vAs@ | XEBB7E5 | Unc03pkw | LN574364 | Bum0 | D*@@ | ENA; R | SIGW548 | SIGW548 | Cica | F9.73 W0 | 1..1309 | 1-1309 | nB;  | DUSA. | 77133 | E86F9D,NA,LN574364.1,"Uncultured bacterium partial 16S rRNA gene, clone             SIGW548_N9D4_16S_A.",uncultured bacterium,uncultured bacterium             Bacteria; environmental samples.,refuse dump Nest 9 layer 4,"Panama:Gamboa, Pipeline Road",SIGW548_N9D4_16S_A,NA,NA,environmental,environmental (LN574364)
Unc08kpc,ASV_3614,0.0338,Crenarchaeota,Nitrososphaeria,Crenarchaeota,Nitrososphaeria,EF444659,EF444659;EF444668;EF444651,+ae/~ | )vp3 | hn.1v | Unc045eq | EF444651 | An0 | ENA; R | Thp_A_129 | Thp_A | 1..1220 | 1-1220 | Cece | 115547 | E2DD30 | Unc08kpc | EF444659 | An0 | ENA; R | Thp_A_143 | Thp_A | 1..1171 | 1-1171 | Cece | 115547 | D1410 | -K@Z{ | Unc047uz | EF444668 | An0,NA,EF444659.1,"Uncultured archaeon clone Thp_A_143 16S ribosomal RNA gene, partial             sequence.",uncultured archaeon,uncultured archaeon             Archaea; environmental samples.,Thermopiles hot springs,Greece,Thp_A_143,NA,NA,hot spring/thermal,hot spring/thermal (EF444659)
UncCre70,ASV_3614,0.09436,Crenarchaeota,Nitrososphaeria,Crenarchaeota,Nitrososphaeria,AB113630,AB113630;AB113634;AB113627,"4:-@ | [C|9X6 | 35F0 | UncNat11 | AB113627 | nment | ENA; R | HAuD-MA45 | JJHAuD-MA45. | 1..1403 | 1-1403 | 16309394 | 236503 | ARB_BEF1B548 | UncCre70 | AB113630 | ronment | Bte0 | ENA; R | HAuD-LA19 | JJHAuD-LA19. | 1..1430 | 1-1430 | 16309394 | 29281 | ARB_5283ABB8 | XS,r0 | UncCre75 | AB113634",NA,AB113630.1,"Uncultured crenarchaeote gene for 16S rRNA, partial sequence,             clone: HAuD-LA19.",uncultured crenarchaeote,uncultured crenarchaeote             Archaea; Thermoproteota; environmental samples.,"PCR-derived sequence from subsurface
                     geothermal water",,HAuD-LA19,NA,NA,hot spring/thermal,hot spring/thermal (AB113630)
IHAEnric,ASV_3614,0.03152,Crenarchaeota,Nitrososphaeria,Crenarchaeota,Nitrososphaeria,JF799596,JF799596,S49M2330 | B260 | FEhigan | MCgan | Cens0 | 4720394..4721945 | 1-5192910 | UMH6 n[G] | 016 M | D2159 | 4uo5 | Ot_5 | S4>= | Ob^M | IHAEnric | Crena | +HREC-B109 | JF799596 | ronment | Crena | +HREC-B109 | Crena | +HREC-B109 | Crena | +HREC-B109 | Crena | g+HREC-B1090 | !@@ | ENA; R,NA,JF799596.1,"Crenarchaeote enrichment culture clone OREC-B109 16S ribosomal RNA             gene, partial sequence.",Crenarchaeote enrichment culture clone OREC-B109,Crenarchaeote enrichment culture clone OREC-B109             Archaea; Thermoproteota; environmental samples.,plant roots,,OREC-B109,NA,NA,root/rhizosphere; enrichment,root/rhizosphere; enrichment (JF799596)
N40Vienn,ASV_3614,0.02968,Crenarchaeota,Nitrososphaeria,Crenarchaeota,Nitrososphaeria,NA,,W032701CTS_hole | .4 kmbls | 3:47 | 1B6)0 | 1..1530 | 1-1530 | *[B;  | incet | 77133 | ED8A-2 | E2EFBD | ocNM | #|jq | =UuS | N40Vienn | vien | DEN76 | B360 | vien | DEN76 | vien | DEN76 | Thaum | vien | vien | Stiegl | 2008 | JCM:19564 | EN76,NA,NA,NA,NA,NA,NA,NA,NA,NA,NA,environmental,environmental
UncTh452,ASV_886,0.02199,Crenarchaeota,Nitrososphaeria,Crenarchaeota,Nitrososphaeria,JF422932,JF422932;JF422940,"ENA; R | 43Arc R3 | 43Arc R3 | 1..1567 | 1-1567 | ctcg | (C055 | Baden-Wue | 198240 | Bes@ | Janoculleus | EC1A4C | KC|; | |Yh- | UncTh452 | JF422932 | ENA; R | 4,D Sea | 1..1046 | 1-1046 | Taphan | 651141 | ault | E Sea)@ | ARB_FC9E1792 | Unc0p87u | >Ae | JF422940 | >Ae",NA,JF422932.1,"Uncultured thaumarchaeote clone 1659PCS_1A_10 16S ribosomal RNA             gene, partial sequence.",uncultured Nitrososphaerota archaeon,uncultured Nitrososphaerota archaeon             Archaea; Nitrososphaerota; environmental samples.,"10 cm-deep methane seep sediment in
                     Cinarcik, Marmara Sea",,1659PCS_1A_10,NA,NA,marine; sediment; putative AOA context,marine; sediment; putative AOA context (JF422932)
Unc04c2y,ASV_5315,0.02208,Crenarchaeota,Nitrososphaeria,Crenarchaeota,Nitrososphaeria,GQ926250,GQ926250;X74000,p;o* | ClrMirab | X74000 | 2Ba; | Mdreyeva 748-I | Plants | 1..2286 | 1-2286 | Andreyeva 748-I | 3083 | Chori | once | C57C | 8#NM | Unc04c2y | GQ926250 | An0 | Q @@ | IENA; RDP; | China | MD3043 | 1..908 | 1-908 | 115547 | EF5AD5 | Ho6! | MbsCocco | Megabalanus coccopoma | &Hbalanus;,NA,GQ926250.1,"Uncultured archaeon clone MD3043C-11 16S ribosomal RNA gene,             partial sequence.",uncultured archaeon,uncultured archaeon             Archaea; environmental samples.,deep-sea sediment,China,MD3043C-11,NA,NA,marine; sediment,marine; sediment (GQ926250)
UniArc37,ASV_3787,0.01355,Crenarchaeota,Nitrososphaeria,Crenarchaeota,Nitrososphaeria,U62818,U62818;EA11730,C12; | U.S.A. 94 | 1..1405 | 1-1405 | H94.1.277 | 8990199 | Handel | 50853 | !Dsoil@ | ARB_34FD6317 | ;x8+|weh | R8)*T | e8#+ | o[|D|x | UniArc37 | EA1173 | U62818 | ronment | EA1173 | EA1173 |  EA1173 |  EA11730 | ENA; R | SCA1173 | C12; | SCA1 | U.S.A. 94 | 1..1403 | 1-1403,NA,U62818.1,"Unidentified archaeon SCA1173 16S small subunit ribosomal RNA gene,             partial sequence.",unidentified archaeon SCA1173,unidentified archaeon SCA1173             Archaea; Thermoproteota; environmental samples.,,,SCA1173,NA,NA,environmental,environmental (U62818)
Unc03o9r,ASV_3787,0.01901,Crenarchaeota,Nitrososphaeria,Crenarchaeota,Nitrososphaeria,LN574625,LN574625;KJ461256,KJ461256 | Insecta | GYW-2014 | GYW-2014 | GYW-2014 | GYW-20140 | Ctes@ | C17)0 | 1..1876 | 1-1876 | NKU0150676 | 1589695 |  jigsaw | ARB_D8C5D655 | Unc03o9r | LN574625 | Bum0 | ENA; R | SIGW1492 | SIGW1492 | Cica | F9.73 W0 | 1..1313 | 1-1313 | nB;  | DUSA. | 77133 | E7511A | GV2Imi25,NA,LN574625.1,"Uncultured bacterium partial 16S rRNA gene, clone             SIGW1492_N9D4_16S_A.",uncultured bacterium,uncultured bacterium             Bacteria; environmental samples.,refuse dump Nest 9 layer 4,"Panama:Gamboa, Pipeline Road",SIGW1492_N9D4_16S_A,NA,NA,environmental,environmental (LN574625)
Unc04k9n,ASV_3787,0.02988,Crenarchaeota,Nitrososphaeria,Crenarchaeota,Nitrososphaeria,HQ269160,HQ269160;E30696;CP015846,Esc24570 | CP015846 | FLUFL | USA:FL | feces | 5149160..5150715 | C2260 | FRIK | 016  | 8mCUSA | 83334 | 67/- | KC<? | KA>_1 | Unc04k9n | HQ269160 | An0 | IENA; RDP; | -}FR.; ;  | A05Ch109 | A05Ch109 | C12) | F8.41 E0 | 1..983 | 1-983 | sG R.; ;  | 115547 | E30696 | DroSe254,NA,HQ269160.1,"Uncultured archaeon clone A05Ch109 16S ribosomal RNA gene, partial             sequence.",uncultured archaeon,uncultured archaeon             Archaea; environmental samples.,"0-7.5 cm soil sample from a meadow
                     incubated as anoxic slurry",Germany: Giessen,A05Ch109,NA,NA,soil,soil (HQ269160)
UniArc39,ASV_2389,0.02641,Crenarchaeota,Nitrososphaeria,Crenarchaeota,Nitrososphaeria,U62813,U62813;EA11510;E11942,rB32 | s B3 | ciat | 5:E11942-E11 | )B0)0 | 92503..93981 | 1-3554804 | Kone.0011942 | 20689770 | /Dn[G] | AGZealand | 515622 | s B316 | E255DB | UniArc39 | EA1151 | U62813 | ronment | EA1151 | EA1151 |  EA1151 |  EA11510 | ENA; R | SCA1151 | C12; | U.S.A. 94 | 1..1402 | 1-1402 | H94.1.277,NA,U62813.1,"Unidentified archaeon SCA1151 16S small subunit ribosomal RNA gene,             partial sequence.",unidentified archaeon SCA1151,unidentified archaeon SCA1151             Archaea; Thermoproteota; environmental samples.,,,SCA1151,NA,NA,environmental,environmental (U62813)
Unc03pua,ASV_383,0.01077,Crenarchaeota,Nitrososphaeria,Crenarchaeota,Nitrososphaeria,KJ467691,KJ467691;LC325188;LS483364,A}36  | S53S5570 | Euinis | LS483364 | Euinis | Euinis | Euinis | Q2@0 | 2202856..2204391 | D; ;  | 1305 | E6CC77 | p;7< | 8pYs | Unc03pua | KJ467691 | An0 | ENA; R | SEV1CB051 | SEV1CB051 | 1..1308 | 1-1308 | arc21 | 115547 | pEunity@ | E8BB61 | BcsVi171 | LC325188 | Cus;,NA,KJ467691.1,"Uncultured archaeon clone SEV1CB051 16S ribosomal RNA gene, partial             sequence.",uncultured archaeon,uncultured archaeon             Archaea; environmental samples.,"constructed wetland for wastewater
                     treatment",,SEV1CB051,NA,NA,peat/wetland,peat/wetland (KJ467691)
Unc03q0h,ASV_383,0.01835,Crenarchaeota,Nitrososphaeria,Crenarchaeota,Nitrososphaeria,LN574618,LN574618;LN574610,LN574610 | Bum0 | ENA; R | SIGW598 | SIGW598 | Cica | F9.73 W0 | 1..1308 | 1-1308 | nB;  | DUSA. | 77133 | EF31B7 | pXTO | Unc03q0h | LN574618 | Bum0 | ENA; R | SIGW1463 | SIGW1463 | Cica | F9.73 W0 | 1..1308 | 1-1308 | nB;  | DUSA. | 77133 | EB9747 | fmM.,NA,LN574618.1,"Uncultured bacterium partial 16S rRNA gene, clone             SIGW1463_N9D4_16S_A.",uncultured bacterium,uncultured bacterium             Bacteria; environmental samples.,refuse dump Nest 9 layer 4,"Panama:Gamboa, Pipeline Road",SIGW1463_N9D4_16S_A,NA,NA,environmental,environmental (LN574618)
UncCr588,ASV_383,0.0356,Crenarchaeota,Nitrososphaeria,Crenarchaeota,Nitrososphaeria,AY454562,AY454562;AY454555,"AY454555 | ronment | Bte0 | ENA; R | '4B;  | DI_A04 | 1..1139 | pinas | 1314 | Czil | 29281 | E5CF71 | OC8F | 70t,*` | UncCr588 | AY454562 | ronment | Bte0 | ENA; R | '4B;  | E_E12 | 1..1029 | 1-1029 | pinas | 1314 | Czil | 29281 | EEDA9D | >^-*@",NA,AY454562.1,"Uncultured crenarchaeote clone E_E12 16S ribosomal RNA gene,             partial sequence.",uncultured crenarchaeote,uncultured crenarchaeote             Archaea; Thermoproteota; environmental samples.,"brackish end of the Santos-Sao Vicente
                     estuary (site 4)",Brazil,E_E12,NA,NA,environmental,environmental (AY454562)
Unc03pul,ASV_5195,0.02152,Crenarchaeota,Nitrososphaeria,Crenarchaeota,Nitrososphaeria,KJ467725,KJ467725,"0A8@ | DJung | S7-3-11 | soil | 1..1432 | 1-1432 | S7-3-11 | ungal | #202 | 2025509 | EF71C5 | >`):'D | ""S@m | CpL@. | Unc03pul | KJ467725 | An0 | ENA; R | SEV1BG091 | SEV1BG091 | 1..1308 | 1-1308 | arc21 | 115547 | pEunity@ | E51A0D | #z#{ | ![ o | ;v M}",NA,KJ467725.1,"Uncultured archaeon clone SEV1BG091 16S ribosomal RNA gene, partial             sequence.",uncultured archaeon,uncultured archaeon             Archaea; environmental samples.,"constructed wetland for wastewater
                     treatment",,SEV1BG091,NA,NA,soil; peat/wetland,soil; peat/wetland (KJ467725)
Unc03puv,ASV_5195,0.0261,Crenarchaeota,Nitrososphaeria,Crenarchaeota,Nitrososphaeria,JN562353,JN562353;CP028702,77133 | istal  | E25D95 | Esc37028 | :@Ai | CP028702 | :@Ai | :@Ai | CAi0 | 4355269..4356822 | 1-4682574 | J53 n[G] | CJ53@ | GDKk | Unc03puv | JN562353 | An0 | K@@ | ENA; R | SEAB1DD051 | C10; | SEAB1DD051 | 1..1308 | 1-1308 | scitotenv | nB;  | LATVPEP | 115547 | EB8453,NA,JN562353.1,"Uncultured archaeon clone SEAB1DD051 16S ribosomal RNA gene,             partial sequence.",uncultured archaeon,uncultured archaeon             Archaea; environmental samples.,constructed wetland,,SEAB1DD051,NA,NA,marine; peat/wetland,marine; peat/wetland (JN562353)
UncCr947,ASV_739,0.01096,Crenarchaeota,Nitrososphaeria,Crenarchaeota,Nitrososphaeria,GQ249641,GQ249641;E77350;JN483449,JN483449 | ENA; R | egory | genhol | SBYW_1496 | Cmat | +B3) | 1..1388 | 1-1388 | CUSA | 155900 | errero Negro | E47C88 | `R~% | UncCr947 | GQ249641 | ronment | Bte0 | IENA; RDP; | nzalez | A02-arc | A02-arc | 1..912 | 1-912 | de la | ESpain | 29281 | rR@@ | {E77350,NA,GQ249641.1,"Uncultured crenarchaeote clone A02-arc 16S ribosomal RNA gene,             partial sequence.",uncultured crenarchaeote,uncultured crenarchaeote             Archaea; Thermoproteota; environmental samples.,marine sediment: 0-2 cm layer,Spain: Bay of Cadiz,A02-arc,NA,NA,marine; sediment,marine; sediment (GQ249641)
Unc046yz,ASV_739,0.02472,Crenarchaeota,Nitrososphaeria,Crenarchaeota,Nitrososphaeria,EF444673,EF444673;EF444663,Unc046zr | EF444663 | An0 | ENA; R | Ele_A_12 | Ele_ | 1..1126 | 1-1126 | Cece | 115547 | EB3823 | YOW@YC | d;3(} | vp8a | Unc046yz | EF444673 | An0 | ENA; R | Lag_A_9 | Lag_A_9 | Lagada | 1..1135 | 1-1135 | Cece | 115547 | EBF926 | rG00 | yDu) | !{ .,NA,EF444673.1,"Uncultured archaeon clone Lag_A_9 16S ribosomal RNA gene, partial             sequence.",uncultured archaeon,uncultured archaeon             Archaea; environmental samples.,Lagadas hot springs,Greece,Lag_A_9,NA,NA,hot spring/thermal,hot spring/thermal (EF444673)
UncCr529,ASV_739,0.04061,Crenarchaeota,Nitrososphaeria,Crenarchaeota,Nitrososphaeria,AY454556,AY454556;E59462,"ENA; R | '4B;  | D_E07 | 1..955 | 1-955 | pinas | 1314 | Czil | 194842 | \Bum | E59462 | :kgN""h7M_ | N$(+N' | G}pC | UncCr529 | AY454556 | ronment | Bte0 | ENA; R | '4B;  | D_H11 | 1..1047 | 1-1047 | pinas | 1314 | Czil | 29281 | DE6ED | otp3",NA,AY454556.1,"Uncultured crenarchaeote clone D_H11 16S ribosomal RNA gene,             partial sequence.",uncultured crenarchaeote,uncultured crenarchaeote             Archaea; Thermoproteota; environmental samples.,"brackish end of the Santos-Sao Vicente
                     estuary (site 4)",Brazil,D_H11,NA,NA,environmental,environmental (AY454556)
Unc04brs,ASV_1125,0.01207,Crenarchaeota,Nitrososphaeria,Crenarchaeota,Nitrososphaeria,FJ386378,FJ386378;CP030753,"GXSPl173 | CP030753 | Cus; | |@0 | 1964 | zB88 | ropn | lung | 68913..70458 | 1-2318657 | ern, |  S4074 | Oxfor | ?JW{ | Unc04brs | FJ386378 | Hpumilus; | An0 | <5@@ | IENA; RDP; | Arc-CS9 | Arc-CS9 | 1..911 | 1-911 | rict | 115547 | les; | D8E43 | '=@flS=",NA,FJ386378.1,"Uncultured archaeon clone Arc-CS9 16S ribosomal RNA gene, partial             sequence.",uncultured archaeon,uncultured archaeon             Archaea; environmental samples.,red soil cropland,China: Hunan,Arc-CS9,NA,NA,soil,soil (FJ386378)
Unc04cfc,ASV_1044,0.01106,Crenarchaeota,Nitrososphaeria,Crenarchaeota,Nitrososphaeria,FN691529,FN691529;HQ413062,"UncMe952 | HQ413062 | Q20-56 | Q20-56 | rumen | 1..1203 | 1-1203 | 010  | 253161 | ""Erumen@ | anob | E160A7 | XLa{ | r6a]u | Unc04cfc | FN691529 | Hpumilus; | An0 | IENA; RDP; | N8-D9 | C007 | PEN8-D9 | C11) | F0.88 E0 | 1..904 | 1-904 | OD; ;  | 115547 | les;",NA,FN691529.1,"Uncultured archaeon 16S rRNA gene, clone N8-D9.",uncultured archaeon,uncultured archaeon             Archaea; environmental samples.,Neuston of Lake Llebreta,Spain:Aiguestortes National Park,N8-D9,NA,NA,freshwater,freshwater (FN691529)
Unc05u7n,ASV_1044,0.088,Crenarchaeota,Nitrososphaeria,Crenarchaeota,Nitrososphaeria,KX077525,KX077525,"IENA; RDP; | Bank  | F3_ach71 | F3_ach71 | 1..942 | 1-942 | Bank  | ?B;  | ment | 115547 | z!B I | E3A97A | JmF> | )JZ# | Unc05u7n | KX077525 | An0 | DENA; | 1B;  | OTU267 | OTU267 | soil | 1..913 | 1-913 | 2""B;  | 115547 | E9113E | X3&R>rb> | ='.9t",NA,KX077525.1,"Uncultured archaeon clone OTU267 16S ribosomal RNA gene, partial             sequence.",uncultured archaeon,uncultured archaeon             Archaea; environmental samples.,soil,"China: Chongxi wetland, Shanghai",OTU267,NA,NA,soil; peat/wetland,soil; peat/wetland (KX077525)
Unc0449e,ASV_785,0.07748,Crenarchaeota,Nitrososphaeria,Crenarchaeota,Nitrososphaeria,EF444677,EF444677;EF444715;E28107,An0 | ENA; R | Ele_A_60 | Ele_A_60 | 1..1055 | 1-1055 | Cece | 115547 | E28107 | 0$]{ | EJp1 | hR| | gch3 | {+Eg | Unc0449e | EF444677 | An0 | ENA; R | Lag_A_15 | Lag_ | Lagada | 1..1232 | 1-1232 | Cece | 115547 | EA3547 | Unc046te | EF444715 | Bum0,NA,EF444677.1,"Uncultured archaeon clone Lag_A_15 16S ribosomal RNA gene, partial             sequence.",uncultured archaeon,uncultured archaeon             Archaea; environmental samples.,Lagadas hot springs,Greece,Lag_A_15,NA,NA,hot spring/thermal,hot spring/thermal (EF444677)
Unc04azp,ASV_785,0.03464,Crenarchaeota,Nitrososphaeria,Crenarchaeota,Nitrososphaeria,HQ267259,HQ267259;HQ267270,nshi | 4687 | O:B8)0 | 982690..984199 | 1-3075407 | F299-08 | 18441057 | 498761 | 9i@@ | itob | FBum | EA874D | OC\; | z^GI | Unc04azp | HQ267259 | An0 | IENA; RDP; | HSZ-Q37 | HSZ-Q37 | 1..915 | 1-915 | 10 S | 115547 | ^r@@ | E5E06F | Unc04acw | HQ267270 | Hpumilus;,NA,HQ267259.1,"Uncultured archaeon clone HSZ-Q37 16S ribosomal RNA gene, partial             sequence.",uncultured archaeon,uncultured archaeon             Archaea; environmental samples.,sediment,China: Yellow River Delta,HSZ-Q37,NA,NA,sediment; freshwater,sediment; freshwater (HQ267259)
UniArc32,ASV_2325,0.00997,Crenarchaeota,Nitrososphaeria,Crenarchaeota,Nitrososphaeria,U62812,U62812;EA11500;EF527097,+GQW | Z<0g | UncM5104 | EF527097 | h2@@ | SIF_4H4 | C11; | SIF_4H4 | 1..1338 | 1-1338 | Kaisersl | 203449 | z6@@ | WEA828E | UniArc32 | EA1150 | U62812 | ronment | EA1150 | EA1150 |  EA1150 |  EA11500 | ENA; R | SCA1150 | C12; | U.S.A. 94 | 1..1405 | 1-1405 | H94.1.277,NA,U62812.1,"Unidentified archaeon SCA1150 16S small subunit ribosomal RNA gene,             partial sequence.",unidentified archaeon SCA1150,unidentified archaeon SCA1150             Archaea; Thermoproteota; environmental samples.,,,SCA1150,NA,NA,environmental,environmental (U62812)
Unc04bq9,ASV_2325,0.02295,Crenarchaeota,Nitrososphaeria,Crenarchaeota,Nitrososphaeria,KC505309,KC505309;KC505292,KC505292 | An0 | IENA; RDP; | AR7-92 | W.G. Hu | AR7-92 | 1..912 | 1-912 | 115547 | permaforst | C16D | `l.1 | k(1X | pz)- | Unc04bq9 | KC505309 | An0 | *A4@ | IENA; RDP; | AR4-79 | W.G. Hu | AR4-79 | 1..912 | 1-912 | 115547 | permaforst | D21C8 | G>.+`L | UncD1322,NA,KC505309.1,"Uncultured archaeon clone AR4-79 16S ribosomal RNA gene, partial             sequence.",uncultured archaeon,uncultured archaeon             Archaea; environmental samples.,"permafrost soil from Kunlun Mountains
                     Pass, Mt. Kunlun",China: Qinghai-Tibet Plateau,AR4-79,NA,NA,soil,soil (KC505309)
Unc09tat,ASV_478,0.02104,Crenarchaeota,Nitrososphaeria,Crenarchaeota,Nitrososphaeria,FN691539,FN691539;FN691534,FN691534 | An0 | IENA; RDP; | N8-E2 | C007 | PEN8-E2 | F(Glebreta | C11) | F0.88 E0 | 1..910 | 1-910 | OD; ;  | 115547 | D3E79 | Unc09tat | FN691539 | An0 | IENA; RDP; | N8-E7 | C007 | PEN8-E7 | F(Glebreta | C11) | F0.88 E0 | 1..905 | 1-905 | OD; ;  | 115547 | ARB_997FFE8A,NA,FN691539.1,"Uncultured archaeon 16S rRNA gene, clone N8-E7.",uncultured archaeon,uncultured archaeon             Archaea; environmental samples.,1 m depth of Lake Llebreta,Spain:Aiguestortes National Park,N8-E7,NA,NA,freshwater,freshwater (FN691539)
Unc04cz0,ASV_2896,0.00772,Crenarchaeota,Nitrososphaeria,Crenarchaeota,Nitrososphaeria,GQ871448,GQ871448;AB192029,J(C010 | laelaps | 'C0100 | laelaps | Ctes@ | AD290 | 1..1605 | 1-1605 | 704008 | EACF84 | 6Ns['( | Z8~& | >{tx | pPT! | Unc04cz0 | GQ871448 | An0 | IENA; RDP; | ^B;  | W5P2-J14 | W5P2-J14 | 1..907 | 1-907 | entre | 115547 | D2879 | A&8y{ | UncCl928 | AB192029,NA,GQ871448.1,"Uncultured archaeon clone W5P2-J14 16S ribosomal RNA gene, partial             sequence.",uncultured archaeon,uncultured archaeon             Archaea; environmental samples.,agricultural soil,Canada,W5P2-J14,NA,NA,soil,soil (GQ871448)
Unc078y1,ASV_2896,0.00768,Crenarchaeota,Nitrososphaeria,Crenarchaeota,Nitrososphaeria,GQ871370,GQ871370,ENA; R | rakulnaleam | M2PT2-51 | JIM2PT2-51. | Termite | B5)0 | 1..1359 | 1-1359 | EM.71 | ngoh | 162155 | ison | a4@@ | EAACB5 | Unc078y1 | GQ871370 | An0 | IENA; RDP; | ^B;  | W5P1-K08 | W5P1-K08 | 1..912 | 1-912 | entre | 115547 | ARB_48A57B82 | 09w- | .jOp | UncTr567,NA,GQ871370.1,"Uncultured archaeon clone W5P1-K08 16S ribosomal RNA gene, partial             sequence.",uncultured archaeon,uncultured archaeon             Archaea; environmental samples.,agricultural soil,Canada,W5P1-K08,NA,NA,soil,soil (GQ871370)
UncCr818,ASV_6896,0.02835,Crenarchaeota,Nitrososphaeria,Crenarchaeota,Nitrososphaeria,AY278083,AY278083;AY278096,An0 | ENA; R | uniy | PB10 | PB10 | buffalo | rumen | 1..927 | 1-927 | ODndia | 115547 | anob | E01E2A | :N]2 | UncCr818 | AY278083 | ronment | Bte0 | IENA; RDP; | GRU16 | GRU16 | 1..925 | 1-925 | tspahns | 29281 | ARB_D89744AE | u]WY | UncCr842 | AY278096,NA,AY278083.1,"Uncultured crenarchaeote clone GRU16 16S ribosomal RNA gene,             partial sequence.",uncultured crenarchaeote,uncultured crenarchaeote             Archaea; Thermoproteota; environmental samples.,freshwater lake,,GRU16,NA,NA,freshwater,freshwater (AY278083)
Unc0ehf9,ASV_687,0.0194,Crenarchaeota,Nitrososphaeria,Crenarchaeota,Nitrososphaeria,JX196225,JX196225;JX196219,Unc048s2 | JX196219 | protei | An0 | IENA; RDP; | China | IMCUGW13A15 | 1..943 | 1-943 | ygccr | 115547 | ARB_30771CB5 | DW<l0* | sF_V | Unc0ehf9 | JX196225 | An0 | x#@@ | IENA; RDP; | China | IMCUGW13A29 | 1..907 | 1-907 | ygccr | 115547 | EF0EB0 | .tGM | KI1s | Unc048xh,NA,JX196225.1,"Uncultured archaeon clone IMCUGW13A29 16S ribosomal RNA gene,             partial sequence.",uncultured archaeon,uncultured archaeon             Archaea; environmental samples.,"groundwater samples from Inner
                     Mongolia",China,IMCUGW13A29,NA,NA,environmental,environmental (JX196225)
UncAr611,ASV_687,0.02124,Crenarchaeota,Nitrososphaeria,Crenarchaeota,Nitrososphaeria,KF975586,KF975586,Bum0 | 8.@@ | ENA; R | Cb11 | TS29_ | Cens0 | twins | DTS29 | 1..1332 | 1-1332 | FI.; ;  | 77133 | ;=Etwins@ | C4E4 | UncAr611 | KF975586 | An0 | ENA; R | FMSA14 | FMSA14 | 1..1441 | 1-1441 | IGEB | 115547 | Foroumad | EC8E4B | -<mX9 | '=eHg | &=7,NA,KF975586.1,"Uncultured archaeon clone FMSA14 16S ribosomal RNA gene, partial             sequence.",uncultured archaeon,uncultured archaeon             Archaea; environmental samples.,mine environment soil,"Iran: Semnan Province, Foroumad chromite
                     mine",FMSA14,NA,NA,soil,soil (KF975586)
Unc03pmm,ASV_687,0.02317,Crenarchaeota,Nitrososphaeria,Crenarchaeota,Nitrososphaeria,LN574594,LN574594,9807 | 4|D9807 | R-49807 | faculta | 1..1451 | 1-1451 | s[C] | D; ;  | 1HBELGIUM. | 1262637 | <Bon@ | 5Emonas | E5641E | /V@t | Unc03pmm | LN574594 | Bum0 | ENA; R | SIGW1487 | SIGW1487 | Cica | F9.73 W0 | 1..1309 | 1-1309 | nB;  | DUSA. | 77133 | E3434F | EebLu171,NA,LN574594.1,"Uncultured bacterium partial 16S rRNA gene, clone             SIGW1487_N9D4_16S_A.",uncultured bacterium,uncultured bacterium             Bacteria; environmental samples.,refuse dump Nest 9 layer 4,"Panama:Gamboa, Pipeline Road",SIGW1487_N9D4_16S_A,NA,NA,environmental,environmental (LN574594)
Unc05fwq,ASV_687,0.0283,Crenarchaeota,Nitrososphaeria,Crenarchaeota,Nitrososphaeria,KF975585,KF975585;JN502332;J131029.111,ENA; R | marow | ncd1734h12c1 | ncd173 | Cens0 | 1..1379 | 1-1379 | Ftgtrca | J131029.111 | (NIH) | 77133 | E16BD9 | GpXy | CE6i | Unc05fwq | KF975585 | An0 | ENA; R | FMSA13 | FMSA13 | 1..1441 | 1-1441 | IGEB | 115547 | Foroumad | ARB_EF2F4845 | sh+  | Unc0m2ti | JN502332,NA,KF975585.1,"Uncultured archaeon clone FMSA13 16S ribosomal RNA gene, partial             sequence.",uncultured archaeon,uncultured archaeon             Archaea; environmental samples.,mine environment soil,"Iran: Semnan Province, Foroumad chromite
                     mine",FMSA13,NA,NA,soil,soil (KF975585)
Unc04cuz,ASV_5247,0.04742,Crenarchaeota,Nitrososphaeria,Crenarchaeota,Nitrososphaeria,EF022239,EF022239,"1..1360 | 1-1360 | CUSA | 155900 | errero Negro | PDured | ARB_FDC9FC45 | =~1,i | Wp07W | ""<^| | }so> | !csR | d/Nj] | }slF | Unc04cuz | EF022239 | An0 | +!@@ | IENA; RDP; | michail D | Gch_1576 | Elev_ | 1..901 | 1-901 | Papamicha | cCorkl | 115547 | qCpen@ | `C596",NA,EF022239.1,"Uncultured archaeon clone Elev_16S_arch_1576 16S ribosomal RNA             gene, partial sequence.",uncultured archaeon,uncultured archaeon             Archaea; environmental samples.,"trembling aspen rhizosphere under
                     elevated CO2 conditions",,Elev_16S_arch_1576,NA,NA,root/rhizosphere,root/rhizosphere (EF022239)
Unc04cst,ASV_6803,0.06097,Crenarchaeota,Nitrososphaeria,Crenarchaeota,Nitrososphaeria,EF020668,EF020668,Zinon | 3182 | 1917913..1919394 | 1-2058755 | mobilis | nden | CUSA | 264203 | ogen | ves ZM-203 | 2B8b@ | EE74C8 | ?w / | !q7( | Unc04cst | EF020668 | An0 | IENA; RDP; | michail D | Fh_1379 | Amb_ | 1..901 | 1-901 | Papamicha | cCorkl | 115547 | qCpen@ | EAE247 | 38eh,NA,EF020668.1,"Uncultured archaeon clone Amb_16S_arch_1379 16S ribosomal RNA gene,             partial sequence.",uncultured archaeon,uncultured archaeon             Archaea; environmental samples.,"trembling aspen rhizosphere under
                     ambient CO2 conditions",,Amb_16S_arch_1379,NA,NA,root/rhizosphere,root/rhizosphere (EF020668)
Unc04cnw,ASV_6803,0.05316,Crenarchaeota,Nitrososphaeria,Crenarchaeota,Nitrososphaeria,EF021295,EF021295;JN438287,"JN438287 | ENA; R | egory | genhol | SBYB_1824 | Cmat | +B3) | 1..1510 | 1-1510 | CUSA | 155900 | errero Negro | ARB_7BD8433B | +@| | Unc04cnw | EF021295 | An0 | j""@@ | IENA; RDP; | michail D | Eh_927 | h_927 | 1..902 | 1-902 | Papamicha | cCorkl | 115547 | qCpen@ | RFDE120F",NA,EF021295.1,"Uncultured archaeon clone Amb_16S_arch_927 16S ribosomal RNA gene,             partial sequence.",uncultured archaeon,uncultured archaeon             Archaea; environmental samples.,"trembling aspen rhizosphere under
                     ambient CO2 conditions",,Amb_16S_arch_927,NA,NA,root/rhizosphere,root/rhizosphere (EF021295)
Unc04cuy,ASV_97,0.03764,Crenarchaeota,Nitrososphaeria,Crenarchaeota,Nitrososphaeria,EF021854,EF021854,54@@ | ENA; R | ce N | C064 | Cens | $Bns | 1..1442 | 1-1442 | Pace | Sodergr | 155900 | Bowel | E99FB2 | \ww! | Unc04cuy | EF021854 | An0 | IENA; RDP; | michail D | Gch_1156 | Elev_ | 1..901 | 1-901 | Papamicha | cCorkl | 115547 | qCpen@ | ARB_481EE376 | >U$H,NA,EF021854.1,"Uncultured archaeon clone Elev_16S_arch_1156 16S ribosomal RNA             gene, partial sequence.",uncultured archaeon,uncultured archaeon             Archaea; environmental samples.,"trembling aspen rhizosphere under
                     elevated CO2 conditions",,Elev_16S_arch_1156,NA,NA,root/rhizosphere,root/rhizosphere (EF021854)
UncTha82,ASV_97,0.01769,Crenarchaeota,Nitrososphaeria,Crenarchaeota,Nitrososphaeria,KM214011,KM214011,"""5@@ | ENA; R | Mary | Mary | 49ar1H10 | 49ar1H10 | 1..1403 | 1-1403 | ""B;  | 115547 | eepage v | ndidatus M | EB555C | tATD | UncTha82 | KM214011 | ""5@@ | ENA; R | ishamp | FE.; ;  | D_A08 | 1..1150 | 1-1150 | &lB;  | 651141 | i (C | ARB_F2347122 | u56B | (o|)",NA,KM214011.1,"Uncultured thaumarchaeote clone RSC_ArcCP_A08 16S ribosomal RNA             gene, partial sequence.",uncultured Nitrososphaerota archaeon,uncultured Nitrososphaerota archaeon             Archaea; Nitrososphaerota; environmental samples.,"sediment from sampling site inside
                     Roraima Sur Cave (orthoquartzite cave)",,RSC_ArcCP_A08,NA,NA,sediment; putative AOA context,sediment; putative AOA context (KM214011)
UncTha88,ASV_97,0.02315,Crenarchaeota,Nitrososphaeria,Crenarchaeota,Nitrososphaeria,KM214017,KM214017,",Hla algae | ,Hla algae | +Ga algae | )Ga algae0 | yB;  | Zongyan Wu | 2013 | Cens0 | abscess | 1554246..1555797 | 1-4786791 | Rd., | 38313 | ARB_47F47FB6 | UncTha88 | KM214017 | ""5@@ | ENA; R | ishamp | FE.; ;  | D_B03 | 1..1121 | 1-1121 | &lB;  | 651141 | i (C | ARB_F7D8C5B6 | uT_t | Unc03pd3",NA,KM214017.1,"Uncultured thaumarchaeote clone RSC_ArcCP_B03 16S ribosomal RNA             gene, partial sequence.",uncultured Nitrososphaerota archaeon,uncultured Nitrososphaerota archaeon             Archaea; Nitrososphaerota; environmental samples.,"sediment from sampling site inside
                     Roraima Sur Cave (orthoquartzite cave)",,RSC_ArcCP_B03,NA,NA,sediment; putative AOA context,sediment; putative AOA context (KM214017)
Unc048fr,ASV_685,0.03701,Crenarchaeota,Nitrososphaeria,Crenarchaeota,Nitrososphaeria,KC926395,KC926395;KC926411;EU506814,"]E~w | Unc00svu | EU506814 | Bum0 | ENA; R | WE56g08 | MD20_aap5 | yB8)0 | 1..1397 | 1-1397 | 77133 | Bme@ | D284F | rL\"" | Unc048fr | KC926395 | An0 | V#@@ | IENA; RDP; | Arch_M | 1..948 | 1-948 | 115547 | Cina@ | 8F92EAE9 | iEe | zn-z | Unc04adi | KC926411",NA,KC926395.1,"Uncultured archaeon clone Arch_M1_49 16S ribosomal RNA gene,             partial sequence.",uncultured archaeon,uncultured archaeon             Archaea; environmental samples.,sediments,,Arch_M1_49,NA,NA,sediment,sediment (KC926395)
UncC1608,ASV_685,0.11338,Crenarchaeota,Nitrososphaeria,Crenarchaeota,Nitrososphaeria,AJ535134,AJ535134,Cium | Cium | Cium | Cium0 | ENA; R | S15A-MN131 | ^QC131 | 1..1460 | 1-1460 | 170969 | ep-well | Dured | EE5242 | |%2P_ | UncC1608 | AJ535134 | ronment | Bte0 | IENA; RDP; | ER-130 | 21aF-958aR | ER-130 | 1..900 | 1-900 | 29281 | [`@@ | ARB_B84E279B | >ng1 | l^Am,NA,AJ535134.1,"Uncultured crenarchaeote partial 16S rRNA gene, clone JG36-GR-130.",uncultured crenarchaeote,uncultured crenarchaeote             Archaea; Thermoproteota; environmental samples.,uranium mill tailings,"Germany:Saxony, Johanngeorgenstadt",JG36-GR-130,NA,NA,environmental,environmental (AJ535134)
Unc0oqs4,ASV_3474,0.01494,Crenarchaeota,Nitrososphaeria,Crenarchaeota,Nitrososphaeria,FJ584393,FJ584393;FJ584368,FJ584368 | An0 | .5@@ | IENA; RDP; | Arc-DA72 | China | Arc-DA72 | 1..939 | 1-939 | rict | 115547 | les; | EE5598 | ---G | Unc0oqs4 | FJ584393 | An0 | IENA; RDP; | Arc-DB94 | China | Arc-DB94 | 1..942 | 1-942 | rict | 115547 | E5A0EF | *I&^ | tJVz | n5v`40,NA,FJ584393.1,"Uncultured archaeon clone Arc-DB94 16S ribosomal RNA gene, partial             sequence.",uncultured archaeon,uncultured archaeon             Archaea; environmental samples.,acidic red soil,China,Arc-DB94,NA,NA,soil; acidic,soil; acidic (FJ584393)
UncC1570,ASV_3474,0.00667,Crenarchaeota,Nitrososphaeria,Crenarchaeota,Nitrososphaeria,AJ535136,AJ535136,QDsans | QDsans | PDsans | KXI;Gemella; | TDsans0 | ENA; R | S15A-MN66 | sans | ^QB66 | 1..1488 | 1-1488 | 1379 | ep-well | E19A2D | UncC1570 | AJ535136 | ronment | Bte0 | IENA; RDP; | ER-140 | 21aF-958aR | ER-140 | 1..904 | 1-904 | 29281 | [`@@ | D9F1C | vFF8dam | S}NE,NA,AJ535136.1,"Uncultured crenarchaeote partial 16S rRNA gene, clone JG36-GR-140.",uncultured crenarchaeote,uncultured crenarchaeote             Archaea; Thermoproteota; environmental samples.,uranium mill tailings,"Germany:Saxony, Johanngeorgenstadt",JG36-GR-140,NA,NA,environmental,environmental (AJ535136)
UncA5795,ASV_3474,0.06047,Crenarchaeota,Nitrososphaeria,Crenarchaeota,Nitrososphaeria,AB364911,AB364911;AB364919,"Haraneosa0 | ENA; R | ovann | FFJ.; ;  | aera arane | 1..1478 | 1-1478 | D14.x | 15142250 | HTCC2160 s[C] | 256847 | arent | ntisp | 2E4654B | UncA5795 | AB364911 | An0 | ENA; R | CASN24 | JGCASN24. | 1..1429 | 1-1429 | H-RISE), | 115547 | 7Bs.@ | DCB4C | 728l | UncArch3 | AB364919",NA,AB364911.1,"Uncultured archaeon gene for 16S rRNA, partial sequence, clone:             CASN24.",uncultured archaeon,uncultured archaeon             Archaea; environmental samples.,PCR-derived sequence from peat soil,,CASN24,NA,NA,soil; peat/wetland,soil; peat/wetland (AB364911)
Unc2qu8i,ASV_1184,0.05239,Crenarchaeota,Thermoprotei_and_minor_Crenarchaeota,Crenarchaeota,unclassified,MG825401,MG825401;MG825096,"lk., | UncTra22 | MG825096 | BYCDW29a | China | BYCDW29a | 1..1448 | 1-1448 | .B;  | 884166 | E34C94 | t@zC | /up#{]y | @pos | Unc2qu8i | MG825401 | An0 | DENA; | GZK-1 | GZK-1 | 1..919 | 1-919 | 115547 | Drest@ | E03D16 | &UOV | Ih8^ | /yk5A | GBKFa151",NA,MG825401.1,"Uncultured archaeon clone GZK-1 16S ribosomal RNA gene, partial             sequence.",uncultured archaeon,uncultured archaeon             Archaea; environmental samples.,subtropics forest soil,,GZK-1,NA,NA,soil,soil (MG825401)
Unc048q4,ASV_1184,0.06268,Crenarchaeota,Thermoprotei_and_minor_Crenarchaeota,Crenarchaeota,unclassified,GU127577,GU127577;HQ327250,Unc04nv9 | HQ327250 | Bum0 | ENA; R | =C117 | TP-Snow | snow | 1..1503 | 1-1503 | 77133 | ARB_B9408565 | OxtA]e | +3GWi | 4tGk | Unc048q4 | GU127577 | protei | An0 | ENA; R | C1AS5CD04 | 2006 | C1AS5CD04 | ne; t | letric | 1..943 | 1-943 |  Czil | 115547 | anox,NA,GU127577.1,"Uncultured archaeon clone C1AS5CD04 16S ribosomal RNA gene, partial             sequence.",uncultured archaeon,uncultured archaeon             Archaea; environmental samples.,"sediment; sediment; anoxic zone;
                     tucurui hydroeletric power plant reservoir",Brazil,C1AS5CD04,NA,NA,sediment; freshwater,sediment; freshwater (GU127577)
UncE8450,ASV_1184,0.04514,Crenarchaeota,Thermoprotei_and_minor_Crenarchaeota,Crenarchaeota,unclassified,KJ566455,KJ566455,rrs2 | ociat | B9)0 | 2612597..2614036 | 1-2907287 | Fgkp612 | E n[G] | of M | Kogu | 634453 | >Danus@ | Ww= | :<>j8 | ^bh=<&i | UncE8450 | >Ae | KJ566455 | >Ae | >Ae | 0Ae | protei | ENA; R | =B;  | S1B04344af | S1B04 | 1..988 | 1-988 | }*B;  | 114243,NA,KJ566455.1,"Uncultured euryarchaeote clone S1B04344af 16S ribosomal RNA gene,             partial sequence.",uncultured euryarchaeote,uncultured euryarchaeote             Archaea; Methanobacteriati; Methanobacteriota; environmental             samples.,cold freshwater spring,,S1B04344af,NA,NA,freshwater; methanogen context,freshwater; methanogen context (KJ566455)
AKORBG16,ASV_1184,0.06995,Crenarchaeota,Thermoprotei_and_minor_Crenarchaeota,Crenarchaeota,unclassified,F68965,F68965,"50_28 | 366279..368183 | 1-629280 | Jcomms13219 | w[G] | 3PB;  | California, | 1797471 | E2134C | `Yv] | nz*, | ,TfF- | of,>s | txT_ | AKORBG16 | n8E50_20 | n8E50_20 | 40CM-2-53-6;f | 50-20 | 50-20 | 6-50-2 | F68965; | n8E50_20 | C8E50_20 | 7E50_200 | DENA; | raoz U | Ee, CO | 50_20",NA,NA,NA,NA,NA,NA,NA,NA,NA,NA,environmental,environmental (F68965)
Unc04b9n,ASV_25425,0.02371,Thermoplasmatota_plus_Nanoarchaeota,Thermoplasmata_plus_unclassified,Thermoplasmatota,unclassified,FJ174739,FJ174739;FJ174732,FJ174732 | An0 | IENA; RDP; | Arc-R31 | Arc-R31 | 1..943 | 1-943 | rict | 115547 | les; | EE3DD3B | 4?~%0 | X*%! | hy='.yt | Unc04b9n | FJ174739 | An0 | IENA; RDP; | Arc-D60 | Arc-D60 | 1..913 | 1-913 | rict | 115547 | E512F3 | [y ? | {E@H | n\h' | Unc05c9l,NA,FJ174739.1,"Uncultured archaeon clone Arc-D60 16S ribosomal RNA gene, partial             sequence.",uncultured archaeon,uncultured archaeon             Archaea; environmental samples.,red soil,China: Hunan,Arc-D60,NA,NA,soil,soil (FJ174739)
UncE8609,ASV_8226,0.0729,Thermoplasmatota_plus_Nanoarchaeota,Thermoplasmata_plus_unclassified,Thermoplasmatota,unclassified,EU888335,EU888335;CP024499,244328 | <Bon@ | F3B3E29 | Klb14618 | CP024499 | Ka`0 | Kgq0 | t N. | 4940128..4941681 | 1-5234963 | KSB1_4E n[G] | 017 B | E0ECC8 | DtG|mh | UncE8609 | >Ae | EU888335 | >Ae | >Ae | 0Ae | ENA; R | soil | 1..922 | 1-922 | D11.x | 20002141 | D; ;  | 114243 | 1.1b,NA,EU888335.1,"Uncultured euryarchaeote clone A30 16S ribosomal RNA gene, partial             sequence.",uncultured euryarchaeote,uncultured euryarchaeote             Archaea; Methanobacteriati; Methanobacteriota; environmental             samples.,soil,Antarctica,A30,NA,NA,soil; methanogen context,soil; methanogen context (EU888335)
Unc04bn0,ASV_25834,0.02397,Thermoplasmatota_plus_Nanoarchaeota,Thermoplasmata_plus_unclassified,Thermoplasmatota,Thermoplasmata,KC604511,KC604511;E21724,"Bum0 | ENA; R | Apal_O04 | Apal_O04 | 1..1412 | 1-1412 | Kone.0009554 | 77133 | vide | Dtats@ | C319 | EE5B0D | i?~%5 | `y|B< | Unc04bn0 | KC604511 | An0 | IENA; RDP; | h#B;  | ARC5_4_E01 | ARC5_4 | C13)0 | 1..912 | 1-912 | bolt | 115547 | E21724 | 85Uq | cX,+",NA,KC604511.1,"Uncultured archaeon clone ARC5_4_E01 16S ribosomal RNA gene,             partial sequence.",uncultured archaeon,uncultured archaeon             Archaea; environmental samples.,groundwater,,ARC5_4_E01,NA,NA,environmental,environmental (KC604511)
Unc04b7f,ASV_25834,0.07877,Thermoplasmatota_plus_Nanoarchaeota,Thermoplasmata_plus_unclassified,Thermoplasmatota,Thermoplasmata,KC604462,KC604462;GU117976,Unc58464 | GU117976 | Bum0 | ENA; R | Acer_B17 | Acer | 1..1477 | 1-1477 | Kone.0009554 | 77133 | vide | Dtats@ | iF932559 | NPoSE | Unc04b7f | KC604462 | An0 | IENA; RDP; | h#B;  | ARC4_C03 | ARC4 | C13)0 | 1..913 | 1-913 | bolt | 115547 | E6E561 | GV2Pse63 | =DAT10,NA,KC604462.1,"Uncultured archaeon clone ARC4_C03 16S ribosomal RNA gene, partial             sequence.",uncultured archaeon,uncultured archaeon             Archaea; environmental samples.,groundwater,,ARC4_C03,NA,NA,environmental,environmental (KC604462)
Unc04uhr,ASV_12063,0.03268,Thermoplasmatota_plus_Nanoarchaeota,Thermoplasmata_plus_unclassified,Thermoplasmatota,Thermoplasmata,AJ631245,AJ631245,3:5583-5 | } B1)0 | 18098..19639 | 1-2167264 | Ee RNA | 21914890 | Dn[G] | DEmicus | Number | 1051072 | C246@ | EB59AF | NuL2 | )7w- | Unc04uhr | AJ631245 | An0 | ENA; R | [B;  | HSWK20 | PFHSWK20 | whitish | th a | rchaeal | trings-of-pearls | D004)0 | 1..973 | 1-973 | B720,NA,AJ631245.1,"Uncultured archaeon partial 16S rRNA gene, clone HSWK20.",uncultured archaeon,uncultured archaeon             Archaea; environmental samples.,"sulfidic surface waters from whitish
                     biomaterial with a macroscopic appearance reminiscent of
                     the archaeal and bacterial strings-of-pearls communities",,HSWK20,NA,NA,environmental,environmental (AJ631245)
Unc04bdf,ASV_12063,0.00549,Thermoplasmatota_plus_Nanoarchaeota,Thermoplasmata_plus_unclassified,Thermoplasmatota,Thermoplasmata,JQ684419,JQ684419;JN012899,"6\E0 | >R""h | Unc91750 | JN012899 | Bum0 | ENA; R | dash | 5_C4_8 | 5_C4_8 | 1..1443 | 1-1443 | 77133 | ARB_7714F827 | ~]kz | Unc04bdf | JQ684419 | An0 | 3A1@ | IENA; RDP; | HWGA-12 | unlu | 1..914 | 1-914 | 115547 | Pass, | ARB_DB4BF94E | 8s\} | =TmXt | UncVar29",NA,JQ684419.1,"Uncultured archaeon clone HWGA-12 16S ribosomal RNA gene, partial             sequence.",uncultured archaeon,uncultured archaeon             Archaea; environmental samples.,"permafrost soil samples from Kunlun
                     Mountains Pass, Mt. Kunlun",China: Qinghai-Tibet Plateau,HWGA-12,NA,NA,soil,soil (JQ684419)
Unc04b16,ASV_8396,0.02194,Thermoplasmatota_plus_Nanoarchaeota,Thermoplasmata_plus_unclassified,Thermoplasmatota,unclassified,JQ684425,JQ684425;JQ684414,"Unc0alj3 | JQ684414 | An0 | 3A1@ | IENA; RDP; | HWGA-7 | HWGA-7 | unlu | 1..913 | 1-913 | 115547 | Pass, | DEA86 | z;nQ/ | Unc04b16 | JQ684425 | An0 | IENA; RDP; | HWGA-18 | unlu | 1..914 | 1-914 | 115547 | Pass, | ARB_1B4E4690 | ""S@M\ | ""2{< | v@/{ | Z0#j",NA,JQ684425.1,"Uncultured archaeon clone HWGA-18 16S ribosomal RNA gene, partial             sequence.",uncultured archaeon,uncultured archaeon             Archaea; environmental samples.,"permafrost soil samples from Kunlun
                     Mountains Pass, Mt. Kunlun",China: Qinghai-Tibet Plateau,HWGA-18,NA,NA,soil,soil (JQ684425)
Unc04b4w,ASV_13050,0.01317,Thermoplasmatota_plus_Nanoarchaeota,Thermoplasmata_plus_unclassified,Thermoplasmatota,unclassified,JQ684424,JQ684424;JN012927;JN012904,"gE19626 | Unc80853 | JN012904 | Bum0 | ENA; R | dash | 5_C4_21 | 5_C4_21 | 1..1452 | 1-1452 | 77133 | ARB_3A9AF2B8 | 5adh | ,9~E | Unc04b4w | JQ684424 | An0 | IENA; RDP; | HWGA-17 | unlu | 1..914 | 1-914 | 115547 | Pass, | ARB_DB998455 | jjgZ | 7-`A | Unc62320 | JN012927",NA,JQ684424.1,"Uncultured archaeon clone HWGA-17 16S ribosomal RNA gene, partial             sequence.",uncultured archaeon,uncultured archaeon             Archaea; environmental samples.,"permafrost soil samples from Kunlun
                     Mountains Pass, Mt. Kunlun",China: Qinghai-Tibet Plateau,HWGA-17,NA,NA,soil,soil (JQ684424)
Unc04bn2,ASV_13050,0.00661,Thermoplasmatota_plus_Nanoarchaeota,Thermoplasmata_plus_unclassified,Thermoplasmatota,unclassified,KC604518,KC604518;AJ831119,BIuricauda; | Bum0 | ENA; R | Apal_M01 | Apal_M01 | 1..1446 | 1-1446 | Kone.0009554 | 77133 | vide | Dtats@ | 5Huricauda | E042EB | NvX#K?* | Unc04bn2 | KC604518 | An0 | IENA; RDP; | h#B;  | arcBiof_1225 | arcBiof_ | C13)0 | 1..912 | 1-912 | bolt | 115547 | ARB_6B2CAA78 | UniArc73 | AJ831119,NA,KC604518.1,"Uncultured archaeon clone arcBiof_1225 16S ribosomal RNA gene,             partial sequence.",uncultured archaeon,uncultured archaeon             Archaea; environmental samples.,groundwater,,arcBiof_1225,NA,NA,environmental,environmental (KC604518)
Unc04bj5,ASV_5287,0.02741,Thermoplasmatota_plus_Nanoarchaeota,Thermoplasmata_plus_unclassified,Thermoplasmatota,unclassified,KC604530,KC604530;AJ831124,UniArc76 | AJ831124 | ENA; R | *B;  | PC321 | B6)0 | 1..1050 | 1-1050 | 1048 | AB;  | 13776 | landfill | ARB_7B68A88D | g<sC | Unc04bj5 | KC604530 | An0 | 6&@@ | IENA; RDP; | h#B;  | Archaea_CSbiofilm_18_H03 | a_CS | C13)0 | 1..912 | 1-912 | bolt | 115547 | D2D00 | Unc04boi,NA,KC604530.1,"Uncultured archaeon clone Archaea_CSbiofilm_18_H03 16S ribosomal             RNA gene, partial sequence.",uncultured archaeon,uncultured archaeon             Archaea; environmental samples.,groundwater,,Archaea_CSbiofilm_18_H03,NA,NA,environmental,environmental (KC604530)
Unc03m7g,ASV_8134,0.06415,Thermoplasmatota_plus_Nanoarchaeota,Thermoplasmata_plus_unclassified,Thermoplasmatota,Thermoplasmata,EU647179,EU647179,"nkat | 1P-1-G09 | 1P-1 | 1..1279 | 1-1279 | 158753 | oenix | EEAD9B | 9RKGu | ?{/Mxp | ""4Gshl | b#{p\ | ;(l^ | pC~g | Unc03m7g | EU647179 | An0 | ENA; R | AYB;  | D0760_05_L | D0760_05_L | thods 75 | 1..1319 | 1-1319 | mimet | 18621084 | GD; ;  | 115547 | ARB_35172FD8",NA,EU647179.1,"Uncultured archaeon clone D0760_05_L small subunit ribosomal RNA             gene, partial sequence.",uncultured archaeon,uncultured archaeon             Archaea; environmental samples.,contaminated aquifer sediment,,D0760_05_L,NA,NA,sediment,sediment (EU647179)
Unc03g52,ASV_8134,0.05831,Thermoplasmatota_plus_Nanoarchaeota,Thermoplasmata_plus_unclassified,Thermoplasmatota,Thermoplasmata,HM187523,HM187523,An0 | ENA; R | DS387 | HDBA_SITS387 | 1..1315 | 1-1315 | 115547 | E9F33A | GNd4 | kreZ | +ip: | ]YK_~Slp+ | ge7G | v.1v | Unc03g52 | HM187523 | An0 | ENA; R | DS412 | HDBA_SITS412 | 1..1333 | 1-1333 | 115547 | ED08AD | E$p7 | -@Y{ | c/qp* | @\? | @G!ue,NA,HM187523.1,"Uncultured archaeon clone HDBA_SITS412 16S ribosomal RNA gene,             partial sequence.",uncultured archaeon,uncultured archaeon             Archaea; environmental samples.,"saturated zone of the Hanford Site 300
                     Area subsurface",USA,HDBA_SITS412,NA,NA,environmental,environmental (HM187523)
Unc049ji,ASV_42,0.12995,Thermoplasmatota_plus_Nanoarchaeota,Thermoplasmata_plus_unclassified,Thermoplasmatota,Thermoplasmata,AY186067,AY186067;FN820400,"UncA9394 | FN820400 | An0 | ENA; R | 1..1378 | 1-1378 | CUM. | 115547 | *F;SG8-5 | E050A5 | v@zG1 | r76F | Cp.Y$ | 3%*r77 | Unc049ji | AY186067 | An0 | ENA; R | ilde | elbl | EA1B12 | guill | ""A)0 | 1..931 | 1-931 | D00.x | B870 | tvig | Dahm",NA,AY186067.1,"Uncultured archaeon clone EA1B12 16S small subunit ribosomal RNA             gene, partial sequence.",uncultured archaeon,uncultured archaeon             Archaea; environmental samples.,ferromanganese deposit,"USA: Lechuguilla Cave, Carlsbad Caverns
                     National Park, NM",EA1B12,NA,NA,environmental,environmental (AY186067)
Unc053b6,ASV_42,0.08215,Thermoplasmatota_plus_Nanoarchaeota,Thermoplasmata_plus_unclassified,Thermoplasmatota,Thermoplasmata,KT165053,KT165053;KT165058;KT165050,oa<b | Unc053di | KT165050 | An0 | IENA; RDP; | A103 | China | A103 | 1..919 | 1-919 | 115547 | Dgena | EA250E | h;<6h9='.yt@ | Unc053b6 | KT165053 | An0 | IENA; RDP; | A110 | China | 1..914 | 1-914 | 115547 | D8B8F | zN\e | Unc053dj | KT165058 | An0 | IENA; RDP;,NA,KT165053.1,"Uncultured archaeon clone A110 16S ribosomal RNA gene, partial             sequence.",uncultured archaeon,uncultured archaeon             Archaea; environmental samples.,"soil of Lake Distriction of Bird Island
                     Protection Station in Jinhe's Main Lake Inlet in the Lake
                     Ebinur",China,A110,NA,NA,soil; freshwater,soil; freshwater (KT165053)
Unc03f27,ASV_755,0.02426,Thermoplasmatota_plus_Nanoarchaeota,Thermoplasmata_plus_unclassified,Thermoplasmatota,Thermoplasmata,HM187550,HM187550;HM187541,"/hp0v | #{vb | +xdl| | Unc03i85 | HM187541 | An0 | ENA; R | DS599 | HDBA_SITS599 | 1..1329 | 115547 | les; | ARB_D128ED51 | ""Hv. | Unc03f27 | HM187550 | An0 | ?'@@ | ENA; R | DU404 | HDBA_SITU404 | 1..1335 | 1-1335 | 115547 | C541 | +bv* | P}|= | rbvl | Unc03i86",NA,HM187550.1,"Uncultured archaeon clone HDBA_SITU404 16S ribosomal RNA gene,             partial sequence.",uncultured archaeon,uncultured archaeon             Archaea; environmental samples.,"saturated zone of the Hanford Site 300
                     Area subsurface",USA,HDBA_SITU404,NA,NA,environmental,environmental (HM187550)
Unc047y0,ASV_1079,0.02208,Thermoplasmatota_plus_Nanoarchaeota,Thermoplasmata_plus_unclassified,Thermoplasmatota,Thermoplasmata,FJ936676,FJ936676;CP014657,"ssaly, | 100272 | L. Karl | NDured | ED82D9 | ----- | G8D18189 | CP014657 | eB;  | USMARC | 1241638..1243191 | 1-4704371 | 1454586 | |cF~ | Unc047y0 | FJ936676 | An0 | IENA; RDP; | ^FR.; ;  | kaa113 | kaa113 | taken | 1..990 | 1-990 | org- | Lower- | 115547 | nsky | E07E5B",NA,FJ936676.1,"Uncultured archaeon clone kaa113 16S ribosomal RNA gene, partial             sequence.",uncultured archaeon,uncultured archaeon             Archaea; environmental samples.,"volcano mud taken at the city
                     Avachinsky on the islands Kamchatka",,kaa113,NA,NA,environmental,environmental (FJ936676)
Unc05ftw,ASV_755,0.02381,Thermoplasmatota_plus_Nanoarchaeota,Thermoplasmata_plus_unclassified,Thermoplasmatota,Thermoplasmata,KF964420,KF964420;JN520391,"JN520391 | ENA; R | egory | genhol | SBZH_5366 | Cmat | +B3) | 1..1412 | 1-1412 | CUSA | 155900 | errero Negro | EFF401 | ;<>do | Unc05ftw | KF964420 | An0 | *A8@ | ENA; R | DM1_3 | DM1_3 | 1..914 | 1-914 | Reitschu | 115547 | HDDB2F | ""{b- | 8W/x | j.1v",NA,KF964420.1,"Uncultured archaeon clone DM1_3 16S ribosomal RNA gene, partial             sequence.",uncultured archaeon,uncultured archaeon             Archaea; environmental samples.,alpine cave and moonmilk deposits,Austria,DM1_3,NA,NA,environmental,environmental (KF964420)
UncA8749,ASV_755,0.03142,Thermoplasmatota_plus_Nanoarchaeota,Thermoplasmata_plus_unclassified,Thermoplasmatota,Thermoplasmata,AB294258,AB294258,"TKFS.; ;  | Ceripo | subverm | Fungi | 1..1671 | 1-1671 | CBS 525 | kB;  | 42742 | atop | KGelatoporia | ARB_AE3B389F | Vp~U | #wp8 | UncA8749 | AB294258 | An0 | ENA; R | FY.; ;  | SWA02 | JFSWA02. | ?J=q0 | 1..1398 | 1-1398 | ganu | 5-3 s | 115547 | E4B6AA | Ay@""",NA,AB294258.1,"Uncultured archaeon gene for 16S rRNA, partial sequence, clone:             SWA02.",uncultured archaeon,uncultured archaeon             Archaea; environmental samples.,stream,Japan:Hokkaido,SWA02,NA,NA,environmental,environmental (AB294258)
Unc05u3w,ASV_42,0.07963,Thermoplasmatota_plus_Nanoarchaeota,Thermoplasmata_plus_unclassified,Thermoplasmatota,Thermoplasmata,KX077309,KX077309;CP011602,"An0 | DENA; | 1B;  | OTU37 | OTU37 | soil | 1..912 | 1-912 | 2""B;  | 115547 | EAE7F8 | iD> | ud]| | :K/Z | Unc05u3w | KX077309 | An0 | DENA; | 1B;  | OTU45 | OTU45 | soil | 1..914 | 1-914 | 2""B;  | 115547 | EDD9F6 | KlvInt33 | CP011602",NA,KX077309.1,"Uncultured archaeon clone OTU45 16S ribosomal RNA gene, partial             sequence.",uncultured archaeon,uncultured archaeon             Archaea; environmental samples.,soil,"China: Chongxi wetland, Shanghai",OTU45,NA,NA,soil; peat/wetland,soil; peat/wetland (KX077309)
UncE8635,ASV_963,0.00874,Thermoplasmatota_plus_Nanoarchaeota,Thermoplasmatota_cl_and_minor,Thermoplasmatota,Thermoplasmatota_cl,EU888367,EU888367,ENA; R | WA_06f | MWatson's Reef | lone WA_06f | [Gsiderea | k#As | B8)0 | 1..1426 | 1-1426 | 00 SW | 91750 | host | xEAF4CA | /6j9 | UncE8635 | >Ae | EU888367 | >Ae | >Ae | 0Ae | ENA; R | soil | 1..916 | 1-916 | D11.x | 20002141 | D; ;  | 114243 | 1.1b,NA,EU888367.1,"Uncultured euryarchaeote clone Q14 16S ribosomal RNA gene, partial             sequence.",uncultured euryarchaeote,uncultured euryarchaeote             Archaea; Methanobacteriati; Methanobacteriota; environmental             samples.,soil,Antarctica,Q14,NA,NA,soil; methanogen context,soil; methanogen context (EU888367)
Unc048f0,ASV_2034,0.0211,Thermoplasmatota_plus_Nanoarchaeota,Thermoplasmatota_cl_and_minor,Thermoplasmatota,Thermoplasmatota_cl,HQ910244,HQ910244;HQ910250;CP025225,"CP025225 | HYK0 | H_X0 | GDaejeon | Eb1 c | 4741451..4743000 | 1-4796512 | CR-Eb1 n[G] | ious | 69218 | E0803E | xse&Z | Y#Co | !~hG^ | Unc048f0 | HQ910244 | An0 | IENA; RDP; | P-1_A2 | P-1_A2 | Coil | 1..949 | 1-949 | Amst | 115547 | ""8F(Utah)@ | E9D875 | Unc43980 | HQ910250",NA,HQ910244.1,"Uncultured archaeon clone P-1_A2 16S ribosomal RNA gene, partial             sequence.",uncultured archaeon,uncultured archaeon             Archaea; environmental samples.,desert soil,"USA: Utah, Mars Desert Research Station",P-1_A2,NA,NA,soil; marine,soil; marine (HQ910244)
Unc2qtev,ASV_3464,0.0415,Thermoplasmatota_plus_Nanoarchaeota,Thermoplasmatota_cl_and_minor,Thermoplasmatota,Thermoplasmatota_cl,KX771238,KX771238;KX771267,ENA; R | M2_178_D5 | M2_178_D5 | 4Fontent | 1..1498 | 1-1498 | <{Bey | 77133 | Fhauera | DAD64 | g.yo | y3OBg | .Z;L | j;LJk | Unc2qtev | KX771238 | An0 |  Cati | 1..1401 | 1-1401 | CB;  | CUSA | 115547 | E565B2 | DY{v | 'q`B? | Unc2qtew | KX771267 | Bum0,NA,KX771238.1,"Uncultured archaeon clone Kili_11H_N7_18S_p2 16S ribosomal RNA             gene, partial sequence.",uncultured archaeon,uncultured archaeon             Archaea; environmental samples.,"periglacial environment on the top of
                     Mt. Kilimanjaro",Tanzania,Kili_11H_N7_18S_p2,NA,NA,environmental,environmental (KX771238)
Unc2qu6v,ASV_3464,0.06722,Thermoplasmatota_plus_Nanoarchaeota,Thermoplasmatota_cl_and_minor,Thermoplasmatota,Thermoplasmatota_cl,KX771236,KX771236;J131029.111,marow | ncd2470g11c1 | ncd247 | Cens0 | 1..1347 | 1-1347 | Ftgtrca | J131029.111 | (NIH) | 77133 | D873B | tGZl-' | @[E | ?K#[ | Unc2qu6v | KX771236 | An0 | Kili_07D |  Cati | Kili_07D | 1..1402 | 1-1402 | CB;  | CUSA | 115547 | ECF114 | #|o96 | !Xdl | Unc2qu6w,NA,KX771236.1,"Uncultured archaeon clone Kili_07D_N7_18S_p1 16S ribosomal RNA             gene, partial sequence.",uncultured archaeon,uncultured archaeon             Archaea; environmental samples.,"periglacial environment on the top of
                     Mt. Kilimanjaro",Tanzania,Kili_07D_N7_18S_p1,NA,NA,environmental,environmental (KX771236)
Unc04bfw,ASV_3464,0.05922,Thermoplasmatota_plus_Nanoarchaeota,Thermoplasmatota_cl_and_minor,Thermoplasmatota,Thermoplasmatota_cl,KC505263,KC505263;F714269,C11)0 | 2310357..2311868 | 1-4392288 | F714269 | 21677857 | mDn[G] | FA.; ;  | CUSA | 709991 | splanchn | BF651/6)@ | D8D5C | ZE.-H | iyA{; | Unc04bfw | KC505263 | An0 | IENA; RDP; | A2-70 | W.G. Hu | 1..914 | 1-914 | 115547 | permaforst | ARB_FEC30D41 | {lR; | 5vl_; | %zm^ | g`m^,NA,KC505263.1,"Uncultured archaeon clone A2-70 16S ribosomal RNA gene, partial             sequence.",uncultured archaeon,uncultured archaeon             Archaea; environmental samples.,"permafrost soil from Kunlun Mountains
                     Pass, Mt. Kunlun",China: Qinghai-Tibet Plateau,A2-70,NA,NA,soil,soil (KC505263)
UncHa355,ASV_3464,0.0768,Thermoplasmatota_plus_Nanoarchaeota,Thermoplasmatota_cl_and_minor,Thermoplasmatota,Thermoplasmatota_cl,EF690592,EF690592,"Dsoil | E2008)0 | 1..1442 | 1-1442 | 2508, | 160804 | QDured | $CBED | x@y{{ | UUhF | ?qiR | :zR\ | 7/se | j.1v | UncHa355 | EF690592 | ENA; R | cantara | %B;  | TX4CA_37 | TX4CA_37 | Dsoil | E2008)0 | 1..1435 | 1-1435 | 2508, | 160804 | D0805 | F1N26568",NA,EF690592.1,"Uncultured haloarchaeon clone TX4CA_37 16S ribosomal RNA gene,             partial sequence.",uncultured haloarchaeon,uncultured haloarchaeon             Archaea; Methanobacteriati; Methanobacteriota; Stenosarchaea group;             Halobacteria; Halobacteriales; Halobacteriaceae; environmental             samples.,alkaline-saline soil,,TX4CA_37,NA,NA,soil; alkaline; saline,soil; alkaline; saline (EF690592)
UncA6577,ASV_3464,0.11272,Thermoplasmatota_plus_Nanoarchaeota,Thermoplasmatota_cl_and_minor,Thermoplasmatota,Thermoplasmatota_cl,EU420676,EU420676;J159467.113,"Cens0 | 1..1363 | 1-1363 | Ftgtrca | J159467.113 | D; ;  | (NIH) | 77133 | NCies@ | E9A38D | 8md | RqoN | Zk'B | G{h_ | UncA6577 | EU420676 | An0 | ENA; R | G-H.; ;  | KM07-Aa-5 | KM07-Aa-5 | 1..1454 | 1-1454 | ]iG-H.; ;  | 402, | =-A. | 115547 | E089C9 | Yz+U",NA,EU420676.1,"Uncultured archaeon clone KM07-Aa-5 16S ribosomal RNA gene, partial             sequence.",uncultured archaeon,uncultured archaeon             Archaea; environmental samples.,Kao-Mei Wetland,,KM07-Aa-5,NA,NA,peat/wetland,peat/wetland (EU420676)
UncE7382,ASV_48063,0.13193,Thermoplasmatota_plus_Nanoarchaeota,Thermoprotei_and_minor_Crenarchaeota,Nanoarchaeota,Nanoarchaeia,JF262377,JF262377,1-1425 | D03-0 | 18450699 | Wbg-1 | Koch | Gich F | ria-Ward | 570835 | E35FA0 | j_GDtG{ | ODv. | S<!* | DtG} | %v@Z{ | UncE7382 | >Ae | JF262377 | >Ae | >Ae | 0Ae | YLA097 | owston | YLA097 | lake | 1..1335 | 1-1335 | gele | CUSA | 114243,NA,JF262377.1,"Uncultured euryarchaeote clone YLA097 16S ribosomal RNA gene,             partial sequence.",uncultured euryarchaeote,uncultured euryarchaeote             Archaea; Methanobacteriati; Methanobacteriota; environmental             samples.,lake,USA: Yellowstone Lake,YLA097,NA,NA,freshwater; methanogen context,freshwater; methanogen context (JF262377)
UncE8524,ASV_48063,0.09945,Thermoplasmatota_plus_Nanoarchaeota,Thermoprotei_and_minor_Crenarchaeota,Nanoarchaeota,Nanoarchaeia,KJ566458,KJ566458;AB555372,qLZZ | UncR2885 | AB555372 | G)@@ | ENA; R | R-C-45 | JGR-C-45. | 1..1491 | 1-1491 | 136703 | E9126F | M{pA | /S@Z' | %AZg | UncE8524 | >Ae | KJ566458 | >Ae | >Ae | 0Ae | ENA; R | =B;  | S1B10344af | S1B10 | 1..955 | 1-955 | }*B;  | 114243 | ARB_B3BECAC7,NA,KJ566458.1,"Uncultured euryarchaeote clone S1B10344af 16S ribosomal RNA gene,             partial sequence.",uncultured euryarchaeote,uncultured euryarchaeote             Archaea; Methanobacteriati; Methanobacteriota; environmental             samples.,cold freshwater spring,,S1B10344af,NA,NA,freshwater; methanogen context,freshwater; methanogen context (KJ566458)
Unc03tag,ASV_48063,0.14435,Thermoplasmatota_plus_Nanoarchaeota,Thermoprotei_and_minor_Crenarchaeota,Nanoarchaeota,Nanoarchaeia,JN562370,JN562370,1..1310 | 1-1310 | scitotenv | nB;  | LATVPEP | 115547 | tros | E606DB | GRpri | Z99{C/P | WO[o | 8`M> | #DvG | /Du>] | Unc03tag | JN562370 | An0 | K@@ | ENA; R | SEAC1AH041 | C10; | SEAC1AH041 | 1..1300 | 1-1300 | scitotenv | nB;  | LATVPEP | 115547 | E7AD70,NA,JN562370.1,"Uncultured archaeon clone SEAC1AH041 16S ribosomal RNA gene,             partial sequence.",uncultured archaeon,uncultured archaeon             Archaea; environmental samples.,constructed wetland,,SEAC1AH041,NA,NA,marine; peat/wetland,marine; peat/wetland (JN562370)
UncE8458,ASV_48063,0.15111,Thermoplasmatota_plus_Nanoarchaeota,Thermoprotei_and_minor_Crenarchaeota,Nanoarchaeota,Nanoarchaeia,AY500126,AY500126,"soil | D015)0 | 2927394..2928912 | 1-3955135 | NAU35 | shop | G45, USA | 1249477 | ;O/ap8 | DvFR | k3)j | """"""8 | /pd7vZ | /DtG} | UncE8458 | >Ae | AY500126 | >Ae | >Ae | 0Ae | FC.; ;  | Nubeena385 | Nubeena385 | 55:48 | B6)0 | 1..986 | 1-986 | C2.x | 7B140",NA,AY500126.1,"Uncultured euryarchaeote clone Nubeena385 16S ribosomal RNA gene,             partial sequence.",uncultured euryarchaeote,uncultured euryarchaeote             Archaea; Methanobacteriati; Methanobacteriota; environmental             samples.,marine sediment,,Nubeena385,NA,NA,soil; marine; sediment,soil; marine; sediment (AY500126)
A6BHeim2,ASV_1184,0.32637,Crenarchaeota,Thermoprotei_and_minor_Crenarchaeota,Crenarchaeota,unclassified,G940645,G940645,FDC5240 | =C[p# | 3hh: | 7PW< | ?z =m | =D/d% | wowr | o <m | F4=t  | r lg | PV`c | `k(h | C_=@ | CO]@ | A6BHeim2 | us Heimdallar | >DLC_3 | MDVS01000157 | Asgard | eimdall | us Heimdallar | >DLC_3 | sgard | Heimdall | LC-3;f__LC-3;g__LC-3;s__LC-3 | G940645; | us Heimdallar | >DLC_3 | us Heimdallar,NA,NA,NA,NA,NA,NA,NA,NA,NA,NA,environmental,environmental (G940645)
